-- MySQL dump 10.13  Distrib 8.0.19, for Win64 (x86_64)
--
-- Host: 192.168.1.103    Database: IusDb4
-- ------------------------------------------------------
-- Server version	5.5.5-10.6.16-MariaDB-0ubuntu0.22.04.1

/*!40101 SET @OLD_CHARACTER_SET_CLIENT=@@CHARACTER_SET_CLIENT */;
/*!40101 SET @OLD_CHARACTER_SET_RESULTS=@@CHARACTER_SET_RESULTS */;
/*!40101 SET @OLD_COLLATION_CONNECTION=@@COLLATION_CONNECTION */;
/*!50503 SET NAMES utf8mb4 */;
/*!40103 SET @OLD_TIME_ZONE=@@TIME_ZONE */;
/*!40103 SET TIME_ZONE='+00:00' */;
/*!40014 SET @OLD_UNIQUE_CHECKS=@@UNIQUE_CHECKS, UNIQUE_CHECKS=0 */;
/*!40014 SET @OLD_FOREIGN_KEY_CHECKS=@@FOREIGN_KEY_CHECKS, FOREIGN_KEY_CHECKS=0 */;
/*!40101 SET @OLD_SQL_MODE=@@SQL_MODE, SQL_MODE='NO_AUTO_VALUE_ON_ZERO' */;
/*!40111 SET @OLD_SQL_NOTES=@@SQL_NOTES, SQL_NOTES=0 */;

--
-- Table structure for table `actuator`
--

DROP TABLE IF EXISTS `actuator`;
/*!40101 SET @saved_cs_client     = @@character_set_client */;
/*!50503 SET character_set_client = utf8mb4 */;
CREATE TABLE `actuator` (
  `id` int(11) NOT NULL AUTO_INCREMENT,
  `name` varchar(128) NOT NULL,
  `model` varchar(128) DEFAULT NULL,
  `type_id` int(11) NOT NULL,
  `tank_id` int(11) NOT NULL,
  `ip` varchar(15) NOT NULL,
  `port` int(11) NOT NULL,
  `state_node_id` varchar(128) NOT NULL,
  `cmnd_node_id` varchar(128) NOT NULL,
  PRIMARY KEY (`id`),
  KEY `actuator_actuator_type_FK` (`type_id`),
  KEY `actuator_tank_FK` (`tank_id`),
  CONSTRAINT `actuator_actuator_type_FK` FOREIGN KEY (`type_id`) REFERENCES `actuator_type` (`id`),
  CONSTRAINT `actuator_tank_FK` FOREIGN KEY (`tank_id`) REFERENCES `tank` (`id`)
) ENGINE=InnoDB AUTO_INCREMENT=15 DEFAULT CHARSET=utf8mb4 COLLATE=utf8mb4_general_ci;
/*!40101 SET character_set_client = @saved_cs_client */;

--
-- Dumping data for table `actuator`
--

LOCK TABLES `actuator` WRITE;
/*!40000 ALTER TABLE `actuator` DISABLE KEYS */;
INSERT INTO `actuator` VALUES (1,'Впускной клапан',NULL,2,1,'127.0.0.1',4841,'ns=2;i=20','ns=2;i=21'),(2,'Впускной клапан теплообмена',NULL,8,1,'127.0.0.1',4841,'ns=2;i=30','ns=2;i=31'),(3,'Выпускной клапан теплообмена',NULL,3,1,'127.0.0.1',4841,'ns=2;i=32','ns=2;i=33'),(4,'Клапан угл.газа',NULL,4,1,'127.0.0.1',4841,'ns=2;i=28','ns=2;i=29'),(5,'Выпускной клапан',NULL,5,1,'127.0.0.1',4841,'ns=2;i=26','ns=2;i=27'),(6,'Насос теплообмена',NULL,6,1,'127.0.0.1',4841,'ns=2;i=24','ns=2;i=25'),(7,'Сливной насос',NULL,7,1,'127.0.0.1',4841,'ns=2;i=22','ns=2;i=23');
/*!40000 ALTER TABLE `actuator` ENABLE KEYS */;
UNLOCK TABLES;

--
-- Table structure for table `actuator_log`
--

DROP TABLE IF EXISTS `actuator_log`;
/*!40101 SET @saved_cs_client     = @@character_set_client */;
/*!50503 SET character_set_client = utf8mb4 */;
CREATE TABLE `actuator_log` (
  `id` int(11) NOT NULL AUTO_INCREMENT,
  `state` tinyint(1) NOT NULL,
  `datetime` datetime NOT NULL DEFAULT current_timestamp(),
  `actuator_id` int(11) NOT NULL,
  PRIMARY KEY (`id`),
  KEY `actuator_log_actuator_FK` (`actuator_id`),
  CONSTRAINT `actuator_log_actuator_FK` FOREIGN KEY (`actuator_id`) REFERENCES `actuator` (`id`)
) ENGINE=InnoDB AUTO_INCREMENT=246 DEFAULT CHARSET=utf8mb4 COLLATE=utf8mb4_general_ci;
/*!40101 SET character_set_client = @saved_cs_client */;

--
-- Dumping data for table `actuator_log`
--

LOCK TABLES `actuator_log` WRITE;
/*!40000 ALTER TABLE `actuator_log` DISABLE KEYS */;
/*!40000 ALTER TABLE `actuator_log` ENABLE KEYS */;
UNLOCK TABLES;

--
-- Table structure for table `actuator_type`
--

DROP TABLE IF EXISTS `actuator_type`;
/*!40101 SET @saved_cs_client     = @@character_set_client */;
/*!50503 SET character_set_client = utf8mb4 */;
CREATE TABLE `actuator_type` (
  `id` int(11) NOT NULL AUTO_INCREMENT,
  `name` varchar(128) NOT NULL,
  `description` varchar(256) DEFAULT NULL,
  PRIMARY KEY (`id`)
) ENGINE=InnoDB AUTO_INCREMENT=9 DEFAULT CHARSET=utf8mb4 COLLATE=utf8mb4_general_ci;
/*!40101 SET character_set_client = @saved_cs_client */;

--
-- Dumping data for table `actuator_type`
--

LOCK TABLES `actuator_type` WRITE;
/*!40000 ALTER TABLE `actuator_type` DISABLE KEYS */;
INSERT INTO `actuator_type` VALUES (2,'Впускной клапан',NULL),(3,'Выпускной клапан теплообменника',NULL),(4,'Выпускной клапан угл.газ',NULL),(5,'Выпускной клапан',NULL),(6,'Насос теплообменника',NULL),(7,'Сливной насос',NULL),(8,'Впускной клапан теплообменника',NULL);
/*!40000 ALTER TABLE `actuator_type` ENABLE KEYS */;
UNLOCK TABLES;

--
-- Table structure for table `param_type`
--

DROP TABLE IF EXISTS `param_type`;
/*!40101 SET @saved_cs_client     = @@character_set_client */;
/*!50503 SET character_set_client = utf8mb4 */;
CREATE TABLE `param_type` (
  `id` int(11) NOT NULL AUTO_INCREMENT,
  `name` varchar(128) NOT NULL,
  `description` varchar(256) DEFAULT NULL,
  PRIMARY KEY (`id`)
) ENGINE=InnoDB AUTO_INCREMENT=3 DEFAULT CHARSET=utf8mb4 COLLATE=utf8mb4_general_ci;
/*!40101 SET character_set_client = @saved_cs_client */;

--
-- Dumping data for table `param_type`
--

LOCK TABLES `param_type` WRITE;
/*!40000 ALTER TABLE `param_type` DISABLE KEYS */;
INSERT INTO `param_type` VALUES (1,'Температура',NULL),(2,'Давление',NULL);
/*!40000 ALTER TABLE `param_type` ENABLE KEYS */;
UNLOCK TABLES;

--
-- Table structure for table `parameter`
--

DROP TABLE IF EXISTS `parameter`;
/*!40101 SET @saved_cs_client     = @@character_set_client */;
/*!50503 SET character_set_client = utf8mb4 */;
CREATE TABLE `parameter` (
  `id` int(11) NOT NULL AUTO_INCREMENT,
  `name` varchar(128) NOT NULL,
  `min_value` float NOT NULL,
  `max_value` float NOT NULL,
  `type_id` int(11) NOT NULL,
  PRIMARY KEY (`id`),
  KEY `parameter_param_type_FK` (`type_id`),
  CONSTRAINT `parameter_param_type_FK` FOREIGN KEY (`type_id`) REFERENCES `param_type` (`id`)
) ENGINE=InnoDB AUTO_INCREMENT=3 DEFAULT CHARSET=utf8mb4 COLLATE=utf8mb4_general_ci;
/*!40101 SET character_set_client = @saved_cs_client */;

--
-- Dumping data for table `parameter`
--

LOCK TABLES `parameter` WRITE;
/*!40000 ALTER TABLE `parameter` DISABLE KEYS */;
INSERT INTO `parameter` VALUES (1,'Температура бурного брожения',18,24,1),(2,'Давление бурного брожения',95,105,2);
/*!40000 ALTER TABLE `parameter` ENABLE KEYS */;
UNLOCK TABLES;

--
-- Table structure for table `process`
--

DROP TABLE IF EXISTS `process`;
/*!40101 SET @saved_cs_client     = @@character_set_client */;
/*!50503 SET character_set_client = utf8mb4 */;
CREATE TABLE `process` (
  `id` int(11) NOT NULL AUTO_INCREMENT,
  `name` varchar(128) NOT NULL,
  `description` varchar(256) DEFAULT NULL,
  `execution_time` int(11) DEFAULT NULL,
  PRIMARY KEY (`id`)
) ENGINE=InnoDB AUTO_INCREMENT=13 DEFAULT CHARSET=utf8mb4 COLLATE=utf8mb4_general_ci;
/*!40101 SET character_set_client = @saved_cs_client */;

--
-- Dumping data for table `process`
--

LOCK TABLES `process` WRITE;
/*!40000 ALTER TABLE `process` DISABLE KEYS */;
INSERT INTO `process` VALUES (1,'Инициализация танка',NULL,NULL),(3,'Забраживание',NULL,72000),(4,'Бурное брожение',NULL,864000),(7,'Тихое брожение',NULL,2592000),(9,'Ожидание введения в эксплуатацию',NULL,NULL),(11,'Наполнение танка',NULL,NULL),(12,'Опорожнение танка',NULL,NULL);
/*!40000 ALTER TABLE `process` ENABLE KEYS */;
UNLOCK TABLES;

--
-- Table structure for table `process_log`
--

DROP TABLE IF EXISTS `process_log`;
/*!40101 SET @saved_cs_client     = @@character_set_client */;
/*!50503 SET character_set_client = utf8mb4 */;
CREATE TABLE `process_log` (
  `id` int(11) NOT NULL AUTO_INCREMENT,
  `start` datetime NOT NULL DEFAULT current_timestamp(),
  `end` datetime DEFAULT NULL,
  `description` varchar(256) DEFAULT NULL,
  `tank_id` int(11) NOT NULL,
  `result_id` int(11) DEFAULT NULL,
  `process_id` int(11) NOT NULL,
  PRIMARY KEY (`id`),
  KEY `process_log_tank_FK` (`tank_id`),
  KEY `process_log_result_code_FK` (`result_id`),
  KEY `process_log_process_FK` (`process_id`),
  CONSTRAINT `process_log_process_FK` FOREIGN KEY (`process_id`) REFERENCES `process` (`id`),
  CONSTRAINT `process_log_result_code_FK` FOREIGN KEY (`result_id`) REFERENCES `result_code` (`id`),
  CONSTRAINT `process_log_tank_FK` FOREIGN KEY (`tank_id`) REFERENCES `tank` (`id`)
) ENGINE=InnoDB AUTO_INCREMENT=80 DEFAULT CHARSET=utf8mb4 COLLATE=utf8mb4_general_ci;
/*!40101 SET character_set_client = @saved_cs_client */;

--
-- Dumping data for table `process_log`
--

LOCK TABLES `process_log` WRITE;
/*!40000 ALTER TABLE `process_log` DISABLE KEYS */;
/*!40000 ALTER TABLE `process_log` ENABLE KEYS */;
UNLOCK TABLES;

--
-- Table structure for table `result_code`
--

DROP TABLE IF EXISTS `result_code`;
/*!40101 SET @saved_cs_client     = @@character_set_client */;
/*!50503 SET character_set_client = utf8mb4 */;
CREATE TABLE `result_code` (
  `id` int(11) NOT NULL AUTO_INCREMENT,
  `name` varchar(64) NOT NULL,
  `description` varchar(256) DEFAULT NULL,
  PRIMARY KEY (`id`)
) ENGINE=InnoDB AUTO_INCREMENT=3 DEFAULT CHARSET=utf8mb4 COLLATE=utf8mb4_general_ci;
/*!40101 SET character_set_client = @saved_cs_client */;

--
-- Dumping data for table `result_code`
--

LOCK TABLES `result_code` WRITE;
/*!40000 ALTER TABLE `result_code` DISABLE KEYS */;
INSERT INTO `result_code` VALUES (1,'ОК',NULL),(2,'Экстренная остановка',NULL);
/*!40000 ALTER TABLE `result_code` ENABLE KEYS */;
UNLOCK TABLES;

--
-- Table structure for table `sensor`
--

DROP TABLE IF EXISTS `sensor`;
/*!40101 SET @saved_cs_client     = @@character_set_client */;
/*!50503 SET character_set_client = utf8mb4 */;
CREATE TABLE `sensor` (
  `id` int(11) NOT NULL AUTO_INCREMENT,
  `name` varchar(128) NOT NULL,
  `model` varchar(128) DEFAULT NULL,
  `type_id` int(11) NOT NULL,
  `tank_id` int(11) NOT NULL,
  `parameter_id` int(11) DEFAULT NULL,
  `ip` varchar(15) NOT NULL,
  `port` int(11) NOT NULL,
  `node_id` varchar(128) NOT NULL,
  PRIMARY KEY (`id`),
  KEY `sensor_tank_FK` (`tank_id`),
  KEY `sensor_parameter_FK` (`parameter_id`),
  KEY `sensor_sensor_type_FK` (`type_id`),
  CONSTRAINT `sensor_parameter_FK` FOREIGN KEY (`parameter_id`) REFERENCES `parameter` (`id`),
  CONSTRAINT `sensor_sensor_type_FK` FOREIGN KEY (`type_id`) REFERENCES `sensor_type` (`id`),
  CONSTRAINT `sensor_tank_FK` FOREIGN KEY (`tank_id`) REFERENCES `tank` (`id`)
) ENGINE=InnoDB AUTO_INCREMENT=9 DEFAULT CHARSET=utf8mb4 COLLATE=utf8mb4_general_ci;
/*!40101 SET character_set_client = @saved_cs_client */;

--
-- Dumping data for table `sensor`
--

LOCK TABLES `sensor` WRITE;
/*!40000 ALTER TABLE `sensor` DISABLE KEYS */;
INSERT INTO `sensor` VALUES (1,'Датчик температуры',NULL,1,1,1,'127.0.0.1',4841,'ns=2;i=13'),(2,'Датчик давления',NULL,2,1,2,'127.0.0.1',4841,'ns=2;i=15'),(3,'Датчик верхнего уровня',NULL,3,1,NULL,'127.0.0.1',4841,'ns=2;i=17'),(4,'Датчик нижнего уровня',NULL,4,1,NULL,'127.0.0.1',4841,'ns=2;i=19');
/*!40000 ALTER TABLE `sensor` ENABLE KEYS */;
UNLOCK TABLES;

--
-- Table structure for table `sensor_check`
--

DROP TABLE IF EXISTS `sensor_check`;
/*!40101 SET @saved_cs_client     = @@character_set_client */;
/*!50503 SET character_set_client = utf8mb4 */;
CREATE TABLE `sensor_check` (
  `id` int(11) NOT NULL AUTO_INCREMENT,
  `date` date NOT NULL,
  `description` varchar(256) DEFAULT NULL,
  `sensor_id` int(11) NOT NULL,
  PRIMARY KEY (`id`),
  KEY `sensor_check_sensor_FK` (`sensor_id`),
  CONSTRAINT `sensor_check_sensor_FK` FOREIGN KEY (`sensor_id`) REFERENCES `sensor` (`id`)
) ENGINE=InnoDB DEFAULT CHARSET=utf8mb4 COLLATE=utf8mb4_general_ci;
/*!40101 SET character_set_client = @saved_cs_client */;

--
-- Dumping data for table `sensor_check`
--

LOCK TABLES `sensor_check` WRITE;
/*!40000 ALTER TABLE `sensor_check` DISABLE KEYS */;
/*!40000 ALTER TABLE `sensor_check` ENABLE KEYS */;
UNLOCK TABLES;

--
-- Table structure for table `sensor_log`
--

DROP TABLE IF EXISTS `sensor_log`;
/*!40101 SET @saved_cs_client     = @@character_set_client */;
/*!50503 SET character_set_client = utf8mb4 */;
CREATE TABLE `sensor_log` (
  `id` int(11) NOT NULL AUTO_INCREMENT,
  `datetime` datetime NOT NULL DEFAULT current_timestamp(),
  `value` float NOT NULL,
  `sensor_id` int(11) NOT NULL,
  PRIMARY KEY (`id`),
  KEY `sensor_log_sensor_FK` (`sensor_id`),
  CONSTRAINT `sensor_log_sensor_FK` FOREIGN KEY (`sensor_id`) REFERENCES `sensor` (`id`)
) ENGINE=InnoDB AUTO_INCREMENT=3441 DEFAULT CHARSET=utf8mb4 COLLATE=utf8mb4_general_ci;
/*!40101 SET character_set_client = @saved_cs_client */;

--
-- Dumping data for table `sensor_log`
--

LOCK TABLES `sensor_log` WRITE;
/*!40000 ALTER TABLE `sensor_log` DISABLE KEYS */;
INSERT INTO `sensor_log` VALUES (1321,'2024-04-28 13:44:17',950,2),(1322,'2024-04-28 13:44:17',1,3),(1323,'2024-04-28 13:44:17',1,4),(1324,'2024-04-28 13:44:17',1,3),(1325,'2024-04-28 13:44:22',18,1),(1326,'2024-04-28 13:44:22',950,2),(1327,'2024-04-28 13:44:22',1,3),(1328,'2024-04-28 13:44:22',1,4),(1329,'2024-04-28 13:44:22',1,3),(1330,'2024-04-28 13:44:28',18,1),(1331,'2024-04-28 13:44:28',950,2),(1332,'2024-04-28 13:44:28',1,3),(1333,'2024-04-28 13:44:28',1,4),(1334,'2024-04-28 13:44:28',1,3),(1335,'2024-04-28 13:44:33',18,1),(1336,'2024-04-28 13:44:33',950,2),(1337,'2024-04-28 13:44:33',0,3),(1338,'2024-04-28 13:44:33',1,4),(1339,'2024-04-28 13:44:33',0,3),(1340,'2024-04-28 13:44:33',1,4),(1341,'2024-04-28 13:44:38',18,1),(1342,'2024-04-28 13:44:38',950,2),(1343,'2024-04-28 13:44:38',0,3),(1344,'2024-04-28 13:44:38',1,4),(1345,'2024-04-28 13:44:38',0,3),(1346,'2024-04-28 13:44:38',1,4),(1347,'2024-04-28 13:44:43',18,1),(1348,'2024-04-28 13:44:43',950,2),(1349,'2024-04-28 13:44:43',0,3),(1350,'2024-04-28 13:44:43',0,4),(1351,'2024-04-28 13:44:43',0,3),(1352,'2024-04-28 13:44:43',0,4),(1353,'2024-04-28 13:44:48',18,1),(1354,'2024-04-28 13:44:48',950,2),(1355,'2024-04-28 13:44:48',0,3),(1356,'2024-04-28 13:44:48',0,4),(1357,'2024-04-28 13:44:53',18,1),(1358,'2024-04-28 13:44:53',950,2),(1359,'2024-04-28 13:44:53',0,3),(1360,'2024-04-28 13:44:53',0,4),(1361,'2024-04-28 13:44:58',18,1),(1362,'2024-04-28 13:44:58',950,2),(1363,'2024-04-28 13:44:58',0,3),(1364,'2024-04-28 13:44:58',0,4),(1365,'2024-04-28 13:45:03',18,1),(1366,'2024-04-28 13:45:03',950,2),(1367,'2024-04-28 13:45:03',0,3),(1368,'2024-04-28 13:45:04',0,4),(1369,'2024-04-28 13:45:13',18,1),(1370,'2024-04-28 13:45:13',950,2),(1371,'2024-04-28 13:45:13',0,3),(1372,'2024-04-28 13:45:13',0,4),(1373,'2024-04-28 13:45:18',18,1),(1374,'2024-04-28 13:45:18',950,2),(1375,'2024-04-28 13:45:18',0,3),(1376,'2024-04-28 13:45:18',0,4),(1377,'2024-04-28 13:46:21',18,1),(1378,'2024-04-28 13:46:21',950,2),(1379,'2024-04-28 13:46:21',0,3),(1380,'2024-04-28 13:46:21',0,4),(1381,'2024-04-28 13:46:26',18,1),(1382,'2024-04-28 13:46:26',950,2),(1383,'2024-04-28 13:46:26',0,3),(1384,'2024-04-28 13:46:26',0,4),(1385,'2024-04-28 13:46:31',18,1),(1386,'2024-04-28 13:46:31',950,2),(1387,'2024-04-28 13:46:31',0,3),(1388,'2024-04-28 13:46:31',0,4),(1389,'2024-04-28 13:46:36',18,1),(1390,'2024-04-28 13:46:36',950,2),(1391,'2024-04-28 13:46:36',0,3),(1392,'2024-04-28 13:46:36',0,4),(1393,'2024-04-28 13:46:41',18,1),(1394,'2024-04-28 13:46:41',950,2),(1395,'2024-04-28 13:46:41',0,3),(1396,'2024-04-28 13:46:41',0,4),(1397,'2024-04-28 13:46:46',18,1),(1398,'2024-04-28 13:46:46',950,2),(1399,'2024-04-28 13:46:46',0,3),(1400,'2024-04-28 13:46:46',0,4),(1401,'2024-04-28 13:46:51',18,1),(1402,'2024-04-28 13:46:51',950,2),(1403,'2024-04-28 13:46:51',0,3),(1404,'2024-04-28 13:46:51',0,4),(1405,'2024-04-28 13:46:56',18,1),(1406,'2024-04-28 13:46:56',950,2),(1407,'2024-04-28 13:46:56',0,3),(1408,'2024-04-28 13:46:56',0,4),(1409,'2024-04-28 13:47:01',18,1),(1410,'2024-04-28 13:47:01',950,2),(1411,'2024-04-28 13:47:01',0,3),(1412,'2024-04-28 13:47:01',0,4),(1413,'2024-04-28 13:47:06',18,1),(1414,'2024-04-28 13:47:06',950,2),(1415,'2024-04-28 13:47:06',0,3),(1416,'2024-04-28 13:47:06',0,4),(1417,'2024-04-28 13:47:12',18,1),(1418,'2024-04-28 13:47:12',950,2),(1419,'2024-04-28 13:47:12',0,3),(1420,'2024-04-28 13:47:12',0,4),(1421,'2024-04-28 13:47:17',18,1),(1422,'2024-04-28 13:47:17',950,2),(1423,'2024-04-28 13:47:17',0,3),(1424,'2024-04-28 13:47:17',0,4),(1425,'2024-04-28 13:47:22',18,1),(1426,'2024-04-28 13:47:22',950,2),(1427,'2024-04-28 13:47:22',0,3),(1428,'2024-04-28 13:47:22',0,4),(1429,'2024-04-28 13:47:27',18,1),(1430,'2024-04-28 13:47:27',950,2),(1431,'2024-04-28 13:47:27',0,3),(1432,'2024-04-28 13:47:27',0,4),(1433,'2024-04-28 13:47:27',0,4),(1434,'2024-04-28 13:47:32',18,1),(1435,'2024-04-28 13:47:32',950,2),(1436,'2024-04-28 13:47:32',0,3),(1437,'2024-04-28 13:47:32',0,4),(1438,'2024-04-28 13:47:32',0,4),(1439,'2024-04-28 13:47:37',18,1),(1440,'2024-04-28 13:47:37',950,2),(1441,'2024-04-28 13:47:37',0,3),(1442,'2024-04-28 13:47:37',0,4),(1443,'2024-04-28 13:47:37',0,4),(1444,'2024-04-28 13:47:42',18,1),(1445,'2024-04-28 13:47:42',950,2),(1446,'2024-04-28 13:47:42',0,3),(1447,'2024-04-28 13:47:42',0,4),(1448,'2024-04-28 13:47:47',18,1),(1449,'2024-04-28 13:47:47',950,2),(1450,'2024-04-28 13:47:47',0,3),(1451,'2024-04-28 13:47:47',0,4),(1452,'2024-04-28 13:47:53',18,1),(1453,'2024-04-28 13:47:53',950,2),(1454,'2024-04-28 13:47:53',0,3),(1455,'2024-04-28 13:47:53',0,4),(1456,'2024-04-28 13:47:58',18,1),(1457,'2024-04-28 13:47:58',950,2),(1458,'2024-04-28 13:47:58',0,3),(1459,'2024-04-28 13:47:58',0,4),(1460,'2024-04-28 13:48:03',18,1),(1461,'2024-04-28 13:48:03',950,2),(1462,'2024-04-28 13:48:03',0,3),(1463,'2024-04-28 13:48:03',0,4),(1464,'2024-04-28 13:48:08',18,1),(1465,'2024-04-28 13:48:08',950,2),(1466,'2024-04-28 13:48:08',0,3),(1467,'2024-04-28 13:48:08',0,4),(1468,'2024-04-28 13:48:13',18,1),(1469,'2024-04-28 13:48:13',950,2),(1470,'2024-04-28 13:48:13',0,3),(1471,'2024-04-28 13:48:13',0,4),(1472,'2024-04-28 13:48:13',0,4),(1473,'2024-04-28 13:48:18',18,1),(1474,'2024-04-28 13:48:18',950,2),(1475,'2024-04-28 13:48:18',0,3),(1476,'2024-04-28 13:48:18',0,4),(1477,'2024-04-28 13:48:18',0,4),(1478,'2024-04-28 13:48:23',18,1),(1479,'2024-04-28 13:48:23',950,2),(1480,'2024-04-28 13:48:23',0,3),(1481,'2024-04-28 13:48:23',0,4),(1482,'2024-04-28 13:48:24',0,4),(1483,'2024-04-28 13:48:29',18,1),(1484,'2024-04-28 13:48:29',950,2),(1485,'2024-04-28 13:48:29',0,3),(1486,'2024-04-28 13:48:29',0,4),(1487,'2024-04-28 13:48:34',18,1),(1488,'2024-04-28 13:48:34',950,2),(1489,'2024-04-28 13:48:34',0,3),(1490,'2024-04-28 13:48:34',0,4),(1491,'2024-04-28 13:48:39',18,1),(1492,'2024-04-28 13:48:39',950,2),(1493,'2024-04-28 13:48:39',0,3),(1494,'2024-04-28 13:48:39',0,4),(1495,'2024-04-28 13:48:44',18,1),(1496,'2024-04-28 13:48:44',950,2),(1497,'2024-04-28 13:48:44',0,3),(1498,'2024-04-28 13:48:44',0,4),(1499,'2024-04-28 13:48:49',18,1),(1500,'2024-04-28 13:48:49',950,2),(1501,'2024-04-28 13:48:49',0,3),(1502,'2024-04-28 13:48:49',0,4),(1503,'2024-04-28 13:48:54',18,1),(1504,'2024-04-28 13:48:54',950,2),(1505,'2024-04-28 13:48:54',0,3),(1506,'2024-04-28 13:48:54',0,4),(1507,'2024-04-28 13:49:00',18,1),(1508,'2024-04-28 13:49:00',950,2),(1509,'2024-04-28 13:49:00',0,3),(1510,'2024-04-28 13:49:00',0,4),(1511,'2024-04-28 13:49:05',18,1),(1512,'2024-04-28 13:49:05',950,2),(1513,'2024-04-28 13:49:05',0,3),(1514,'2024-04-28 13:49:05',0,4),(1515,'2024-04-28 13:49:10',18,1),(1516,'2024-04-28 13:49:10',950,2),(1517,'2024-04-28 13:49:10',0,3),(1518,'2024-04-28 13:49:10',0,4),(1519,'2024-04-28 13:49:15',18,1),(1520,'2024-04-28 13:49:15',950,2),(1521,'2024-04-28 13:49:15',0,3),(1522,'2024-04-28 13:49:15',0,4),(1523,'2024-04-28 13:49:20',18,1),(1524,'2024-04-28 13:49:20',950,2),(1525,'2024-04-28 13:49:20',0,3),(1526,'2024-04-28 13:49:20',0,4),(1527,'2024-04-28 13:49:25',18,1),(1528,'2024-04-28 13:49:25',950,2),(1529,'2024-04-28 13:49:25',0,3),(1530,'2024-04-28 13:49:25',0,4),(1531,'2024-04-28 13:49:30',18,1),(1532,'2024-04-28 13:49:30',950,2),(1533,'2024-04-28 13:49:30',0,3),(1534,'2024-04-28 13:49:30',0,4),(1535,'2024-04-28 13:49:35',18,1),(1536,'2024-04-28 13:49:35',950,2),(1537,'2024-04-28 13:49:35',0,3),(1538,'2024-04-28 13:49:35',0,4),(1539,'2024-04-28 14:00:25',18,1),(1540,'2024-04-28 14:00:25',950,2),(1541,'2024-04-28 14:00:25',0,3),(1542,'2024-04-28 14:00:25',0,4),(1543,'2024-04-28 14:00:30',18,1),(1544,'2024-04-28 14:00:30',950,2),(1545,'2024-04-28 14:00:30',0,3),(1546,'2024-04-28 14:00:30',0,4),(1547,'2024-04-28 14:00:35',18,1),(1548,'2024-04-28 14:00:35',950,2),(1549,'2024-04-28 14:00:35',0,3),(1550,'2024-04-28 14:00:35',0,4),(1551,'2024-04-28 14:00:40',18,1),(1552,'2024-04-28 14:00:40',950,2),(1553,'2024-04-28 14:00:40',0,3),(1554,'2024-04-28 14:00:40',0,4),(1555,'2024-04-28 14:00:45',18,1),(1556,'2024-04-28 14:00:45',950,2),(1557,'2024-04-28 14:00:45',0,3),(1558,'2024-04-28 14:00:45',0,4),(1559,'2024-04-28 14:00:50',18,1),(1560,'2024-04-28 14:00:50',950,2),(1561,'2024-04-28 14:00:50',0,3),(1562,'2024-04-28 14:00:50',0,4),(1563,'2024-04-28 14:00:56',18,1),(1564,'2024-04-28 14:00:56',950,2),(1565,'2024-04-28 14:00:56',0,3),(1566,'2024-04-28 14:00:56',0,4),(1567,'2024-04-28 14:01:01',18,1),(1568,'2024-04-28 14:01:01',950,2),(1569,'2024-04-28 14:01:01',0,3),(1570,'2024-04-28 14:01:01',0,4),(1571,'2024-04-28 14:01:06',18,1),(1572,'2024-04-28 14:01:06',950,2),(1573,'2024-04-28 14:01:06',0,3),(1574,'2024-04-28 14:01:06',0,4),(1575,'2024-04-28 14:01:11',18,1),(1576,'2024-04-28 14:01:11',950,2),(1577,'2024-04-28 14:01:11',0,3),(1578,'2024-04-28 14:01:11',0,4),(1579,'2024-04-28 14:01:16',18,1),(1580,'2024-04-28 14:01:16',950,2),(1581,'2024-04-28 14:01:16',0,3),(1582,'2024-04-28 14:01:16',0,4),(1583,'2024-04-28 14:01:21',18,1),(1584,'2024-04-28 14:01:21',950,2),(1585,'2024-04-28 14:01:21',0,3),(1586,'2024-04-28 14:01:21',0,4),(1587,'2024-04-28 14:01:26',18,1),(1588,'2024-04-28 14:01:26',950,2),(1589,'2024-04-28 14:01:26',0,3),(1590,'2024-04-28 14:01:26',0,4),(1591,'2024-04-28 14:01:32',18,1),(1592,'2024-04-28 14:01:32',950,2),(1593,'2024-04-28 14:01:32',0,3),(1594,'2024-04-28 14:01:32',0,4),(1595,'2024-04-28 14:01:32',0,4),(1596,'2024-04-28 14:01:37',18,1),(1597,'2024-04-28 14:01:37',950,2),(1598,'2024-04-28 14:01:37',0,3),(1599,'2024-04-28 14:01:37',0,4),(1600,'2024-04-28 14:01:37',0,4),(1601,'2024-04-28 14:01:42',18,1),(1602,'2024-04-28 14:01:42',950,2),(1603,'2024-04-28 14:01:42',0,3),(1604,'2024-04-28 14:01:42',0,4),(1605,'2024-04-28 14:01:42',0,4),(1606,'2024-04-28 16:52:16',18,1),(1607,'2024-04-28 16:52:16',950,2),(1608,'2024-04-28 16:52:16',0,3),(1609,'2024-04-28 16:52:16',0,4),(1610,'2024-04-28 16:52:21',18,1),(1611,'2024-04-28 16:52:21',950,2),(1612,'2024-04-28 16:52:21',0,3),(1613,'2024-04-28 16:52:21',0,4),(1614,'2024-04-28 16:52:26',18,1),(1615,'2024-04-28 16:52:26',950,2),(1616,'2024-04-28 16:52:26',0,3),(1617,'2024-04-28 16:52:26',0,4),(1618,'2024-04-28 16:52:31',18,1),(1619,'2024-04-28 16:52:31',950,2),(1620,'2024-04-28 16:52:31',0,3),(1621,'2024-04-28 16:52:31',0,4),(1622,'2024-04-28 16:52:36',18,1),(1623,'2024-04-28 16:52:36',950,2),(1624,'2024-04-28 16:52:36',0,3),(1625,'2024-04-28 16:52:36',0,4),(1626,'2024-04-28 16:52:41',18,1),(1627,'2024-04-28 16:52:41',950,2),(1628,'2024-04-28 16:52:41',0,3),(1629,'2024-04-28 16:52:41',0,4),(1630,'2024-04-28 16:52:46',18,1),(1631,'2024-04-28 16:52:46',950,2),(1632,'2024-04-28 16:52:46',0,3),(1633,'2024-04-28 16:52:47',0,4),(1634,'2024-04-28 16:52:52',18,1),(1635,'2024-04-28 16:52:52',950,2),(1636,'2024-04-28 16:52:52',0,3),(1637,'2024-04-28 16:52:52',0,4),(1638,'2024-04-28 16:52:57',18,1),(1639,'2024-04-28 16:52:57',950,2),(1640,'2024-04-28 16:52:57',0,3),(1641,'2024-04-28 16:52:57',0,4),(1642,'2024-04-28 16:53:02',18,1),(1643,'2024-04-28 16:53:02',950,2),(1644,'2024-04-28 16:53:02',0,3),(1645,'2024-04-28 16:53:02',0,4),(1646,'2024-04-28 16:53:07',18,1),(1647,'2024-04-28 16:53:07',950,2),(1648,'2024-04-28 16:53:07',0,3),(1649,'2024-04-28 16:53:07',0,4),(1650,'2024-04-28 16:53:13',18,1),(1651,'2024-04-28 16:53:13',950,2),(1652,'2024-04-28 16:53:13',0,3),(1653,'2024-04-28 16:53:13',0,4),(1654,'2024-04-28 16:53:18',18,1),(1655,'2024-04-28 16:53:18',950,2),(1656,'2024-04-28 16:53:18',0,3),(1657,'2024-04-28 16:53:18',0,4),(1658,'2024-04-28 16:53:23',18,1),(1659,'2024-04-28 16:53:23',950,2),(1660,'2024-04-28 16:53:23',0,3),(1661,'2024-04-28 16:53:23',0,4),(1662,'2024-04-28 16:53:28',18,1),(1663,'2024-04-28 16:53:28',950,2),(1664,'2024-04-28 16:53:28',0,3),(1665,'2024-04-28 16:53:28',0,4),(1666,'2024-04-28 16:53:33',18,1),(1667,'2024-04-28 16:53:33',950,2),(1668,'2024-04-28 16:53:33',0,3),(1669,'2024-04-28 16:53:33',0,4),(1670,'2024-04-28 16:53:38',18,1),(1671,'2024-04-28 16:53:38',950,2),(1672,'2024-04-28 16:53:38',0,3),(1673,'2024-04-28 16:53:38',0,4),(1674,'2024-04-28 16:53:43',18,1),(1675,'2024-04-28 16:53:43',950,2),(1676,'2024-04-28 16:53:43',0,3),(1677,'2024-04-28 16:53:43',0,4),(1678,'2024-04-28 16:53:49',18,1),(1679,'2024-04-28 16:53:49',950,2),(1680,'2024-04-28 16:53:49',0,3),(1681,'2024-04-28 16:53:49',0,4),(1682,'2024-04-28 16:53:54',18,1),(1683,'2024-04-28 16:53:54',950,2),(1684,'2024-04-28 16:53:54',0,3),(1685,'2024-04-28 16:53:54',0,4),(1686,'2024-04-28 16:53:59',18,1),(1687,'2024-04-28 16:53:59',950,2),(1688,'2024-04-28 16:53:59',0,3),(1689,'2024-04-28 16:53:59',0,4),(1690,'2024-04-28 16:54:04',18,1),(1691,'2024-04-28 16:54:04',950,2),(1692,'2024-04-28 16:54:04',0,3),(1693,'2024-04-28 16:54:04',0,4),(1694,'2024-04-28 16:54:09',18,1),(1695,'2024-04-28 16:54:09',950,2),(1696,'2024-04-28 16:54:09',0,3),(1697,'2024-04-28 16:54:09',0,4),(1698,'2024-04-28 16:54:14',18,1),(1699,'2024-04-28 16:54:14',950,2),(1700,'2024-04-28 16:54:14',0,3),(1701,'2024-04-28 16:54:14',0,4),(1702,'2024-04-28 16:54:19',19,1),(1703,'2024-04-28 16:54:19',950,2),(1704,'2024-04-28 16:54:19',0,3),(1705,'2024-04-28 16:54:19',0,4),(1706,'2024-04-28 16:54:24',19,1),(1707,'2024-04-28 16:54:24',950,2),(1708,'2024-04-28 16:54:24',0,3),(1709,'2024-04-28 16:54:24',0,4),(1710,'2024-04-28 16:54:29',19,1),(1711,'2024-04-28 16:54:29',950,2),(1712,'2024-04-28 16:54:29',0,3),(1713,'2024-04-28 16:54:29',0,4),(1714,'2024-04-28 16:54:34',19,1),(1715,'2024-04-28 16:54:34',950,2),(1716,'2024-04-28 16:54:34',0,3),(1717,'2024-04-28 16:54:34',0,4),(1718,'2024-04-28 16:54:39',19,1),(1719,'2024-04-28 16:54:39',950,2),(1720,'2024-04-28 16:54:39',0,3),(1721,'2024-04-28 16:54:39',0,4),(1722,'2024-04-28 16:54:45',19,1),(1723,'2024-04-28 16:54:45',950,2),(1724,'2024-04-28 16:54:45',0,3),(1725,'2024-04-28 16:54:45',0,4),(1726,'2024-04-28 16:54:50',19,1),(1727,'2024-04-28 16:54:50',950,2),(1728,'2024-04-28 16:54:50',0,3),(1729,'2024-04-28 16:54:50',0,4),(1730,'2024-04-28 16:54:55',19,1),(1731,'2024-04-28 16:54:55',950,2),(1732,'2024-04-28 16:54:55',0,3),(1733,'2024-04-28 16:54:55',0,4),(1734,'2024-04-28 16:55:00',19,1),(1735,'2024-04-28 16:55:00',950,2),(1736,'2024-04-28 16:55:00',0,3),(1737,'2024-04-28 16:55:00',0,4),(1738,'2024-04-28 16:55:05',19,1),(1739,'2024-04-28 16:55:05',950,2),(1740,'2024-04-28 16:55:05',0,3),(1741,'2024-04-28 16:55:05',0,4),(1742,'2024-04-28 16:55:10',19,1),(1743,'2024-04-28 16:55:10',950,2),(1744,'2024-04-28 16:55:10',0,3),(1745,'2024-04-28 16:55:10',0,4),(1746,'2024-04-28 16:55:15',19,1),(1747,'2024-04-28 16:55:15',950,2),(1748,'2024-04-28 16:55:15',0,3),(1749,'2024-04-28 16:55:15',0,4),(1750,'2024-04-28 16:55:20',19,1),(1751,'2024-04-28 16:55:20',950,2),(1752,'2024-04-28 16:55:20',0,3),(1753,'2024-04-28 16:55:20',0,4),(1754,'2024-04-28 16:55:25',19,1),(1755,'2024-04-28 16:55:25',950,2),(1756,'2024-04-28 16:55:25',0,3),(1757,'2024-04-28 16:55:25',0,4),(1758,'2024-04-28 16:55:30',19,1),(1759,'2024-04-28 16:55:30',950,2),(1760,'2024-04-28 16:55:30',0,3),(1761,'2024-04-28 16:55:30',0,4),(1762,'2024-04-28 16:55:36',19,1),(1763,'2024-04-28 16:55:36',950,2),(1764,'2024-04-28 16:55:36',0,3),(1765,'2024-04-28 16:55:36',0,4),(1766,'2024-04-28 16:55:41',19,1),(1767,'2024-04-28 16:55:41',950,2),(1768,'2024-04-28 16:55:41',0,3),(1769,'2024-04-28 16:55:41',0,4),(1770,'2024-04-28 16:55:46',19,1),(1771,'2024-04-28 16:55:46',950,2),(1772,'2024-04-28 16:55:46',0,3),(1773,'2024-04-28 16:55:46',0,4),(1774,'2024-04-28 16:55:51',19,1),(1775,'2024-04-28 16:55:51',950,2),(1776,'2024-04-28 16:55:51',0,3),(1777,'2024-04-28 16:55:51',0,4),(1778,'2024-04-28 16:55:56',19,1),(1779,'2024-04-28 16:55:56',950,2),(1780,'2024-04-28 16:55:56',0,3),(1781,'2024-04-28 16:55:56',0,4),(1782,'2024-04-28 16:56:01',19,1),(1783,'2024-04-28 16:56:01',950,2),(1784,'2024-04-28 16:56:01',0,3),(1785,'2024-04-28 16:56:01',0,4),(1786,'2024-04-28 16:56:06',19,1),(1787,'2024-04-28 16:56:06',950,2),(1788,'2024-04-28 16:56:06',0,3),(1789,'2024-04-28 16:56:06',0,4),(1790,'2024-04-28 16:56:11',19,1),(1791,'2024-04-28 16:56:11',950,2),(1792,'2024-04-28 16:56:11',0,3),(1793,'2024-04-28 16:56:11',0,4),(1794,'2024-04-28 16:56:16',19,1),(1795,'2024-04-28 16:56:16',950,2),(1796,'2024-04-28 16:56:16',0,3),(1797,'2024-04-28 16:56:16',0,4),(1798,'2024-04-28 16:56:21',19,1),(1799,'2024-04-28 16:56:21',950,2),(1800,'2024-04-28 16:56:21',0,3),(1801,'2024-04-28 16:56:21',0,4),(1802,'2024-04-28 16:56:27',19,1),(1803,'2024-04-28 16:56:27',950,2),(1804,'2024-04-28 16:56:27',0,3),(1805,'2024-04-28 16:56:27',0,4),(1806,'2024-04-28 16:56:32',19,1),(1807,'2024-04-28 16:56:32',950,2),(1808,'2024-04-28 16:56:32',0,3),(1809,'2024-04-28 16:56:32',0,4),(1810,'2024-04-28 16:56:37',19,1),(1811,'2024-04-28 16:56:37',950,2),(1812,'2024-04-28 16:56:37',0,3),(1813,'2024-04-28 16:56:37',0,4),(1814,'2024-04-28 16:56:42',19,1),(1815,'2024-04-28 16:56:42',950,2),(1816,'2024-04-28 16:56:42',0,3),(1817,'2024-04-28 16:56:42',0,4),(1818,'2024-04-28 16:56:47',19,1),(1819,'2024-04-28 16:56:47',950,2),(1820,'2024-04-28 16:56:47',0,3),(1821,'2024-04-28 16:56:47',0,4),(1822,'2024-04-28 16:56:52',19,1),(1823,'2024-04-28 16:56:52',950,2),(1824,'2024-04-28 16:56:52',0,3),(1825,'2024-04-28 16:56:52',0,4),(1826,'2024-04-28 16:56:57',19,1),(1827,'2024-04-28 16:56:57',950,2),(1828,'2024-04-28 16:56:57',0,3),(1829,'2024-04-28 16:56:57',0,4),(1830,'2024-04-28 16:57:02',19,1),(1831,'2024-04-28 16:57:02',950,2),(1832,'2024-04-28 16:57:02',0,3),(1833,'2024-04-28 16:57:02',0,4),(1834,'2024-04-28 16:57:07',19,1),(1835,'2024-04-28 16:57:07',950,2),(1836,'2024-04-28 16:57:07',0,3),(1837,'2024-04-28 16:57:07',0,4),(1838,'2024-04-28 16:57:12',19,1),(1839,'2024-04-28 16:57:12',950,2),(1840,'2024-04-28 16:57:12',0,3),(1841,'2024-04-28 16:57:12',0,4),(1842,'2024-04-28 16:57:17',19,1),(1843,'2024-04-28 16:57:17',950,2),(1844,'2024-04-28 16:57:17',0,3),(1845,'2024-04-28 16:57:17',0,4),(1846,'2024-04-28 16:57:23',19,1),(1847,'2024-04-28 16:57:23',950,2),(1848,'2024-04-28 16:57:23',0,3),(1849,'2024-04-28 16:57:23',0,4),(1850,'2024-04-28 16:57:28',19,1),(1851,'2024-04-28 16:57:28',950,2),(1852,'2024-04-28 16:57:28',0,3),(1853,'2024-04-28 16:57:28',0,4),(1854,'2024-04-28 16:57:33',19,1),(1855,'2024-04-28 16:57:33',950,2),(1856,'2024-04-28 16:57:33',0,3),(1857,'2024-04-28 16:57:33',0,4),(1858,'2024-04-28 16:57:38',19,1),(1859,'2024-04-28 16:57:38',950,2),(1860,'2024-04-28 16:57:38',0,3),(1861,'2024-04-28 16:57:38',0,4),(1862,'2024-04-28 16:57:43',19,1),(1863,'2024-04-28 16:57:43',950,2),(1864,'2024-04-28 16:57:43',0,3),(1865,'2024-04-28 16:57:43',0,4),(1866,'2024-04-28 16:57:48',19,1),(1867,'2024-04-28 16:57:48',950,2),(1868,'2024-04-28 16:57:48',0,3),(1869,'2024-04-28 16:57:48',0,4),(1870,'2024-04-28 16:57:53',19,1),(1871,'2024-04-28 16:57:53',950,2),(1872,'2024-04-28 16:57:53',0,3),(1873,'2024-04-28 16:57:53',0,4),(1874,'2024-04-28 16:57:58',19,1),(1875,'2024-04-28 16:57:58',950,2),(1876,'2024-04-28 16:57:58',0,3),(1877,'2024-04-28 16:57:58',0,4),(1878,'2024-04-28 16:58:03',19,1),(1879,'2024-04-28 16:58:03',950,2),(1880,'2024-04-28 16:58:03',0,3),(1881,'2024-04-28 16:58:03',0,4),(1882,'2024-04-28 16:58:08',19,1),(1883,'2024-04-28 16:58:08',950,2),(1884,'2024-04-28 16:58:08',0,3),(1885,'2024-04-28 16:58:08',0,4),(1886,'2024-04-28 16:58:14',19,1),(1887,'2024-04-28 16:58:14',950,2),(1888,'2024-04-28 16:58:14',0,3),(1889,'2024-04-28 16:58:14',0,4),(1890,'2024-04-28 16:58:19',19,1),(1891,'2024-04-28 16:58:19',950,2),(1892,'2024-04-28 16:58:19',0,3),(1893,'2024-04-28 16:58:19',0,4),(1894,'2024-04-28 16:58:24',19,1),(1895,'2024-04-28 16:58:24',950,2),(1896,'2024-04-28 16:58:24',0,3),(1897,'2024-04-28 16:58:24',0,4),(1898,'2024-04-28 16:58:29',19,1),(1899,'2024-04-28 16:58:29',950,2),(1900,'2024-04-28 16:58:29',0,3),(1901,'2024-04-28 16:58:29',0,4),(1902,'2024-04-28 16:58:34',19,1),(1903,'2024-04-28 16:58:34',950,2),(1904,'2024-04-28 16:58:34',0,3),(1905,'2024-04-28 16:58:34',0,4),(1906,'2024-04-28 16:58:39',19,1),(1907,'2024-04-28 16:58:39',950,2),(1908,'2024-04-28 16:58:39',0,3),(1909,'2024-04-28 16:58:39',0,4),(1910,'2024-04-28 16:58:44',19,1),(1911,'2024-04-28 16:58:44',950,2),(1912,'2024-04-28 16:58:44',0,3),(1913,'2024-04-28 16:58:44',0,4),(1914,'2024-04-28 16:58:49',19,1),(1915,'2024-04-28 16:58:49',950,2),(1916,'2024-04-28 16:58:49',0,3),(1917,'2024-04-28 16:58:49',0,4),(1918,'2024-04-28 16:58:54',19,1),(1919,'2024-04-28 16:58:55',950,2),(1920,'2024-04-28 16:58:55',0,3),(1921,'2024-04-28 16:58:55',0,4),(1922,'2024-04-28 16:59:00',19,1),(1923,'2024-04-28 16:59:00',950,2),(1924,'2024-04-28 16:59:00',0,3),(1925,'2024-04-28 16:59:00',0,4),(1926,'2024-04-28 16:59:05',19,1),(1927,'2024-04-28 16:59:05',950,2),(1928,'2024-04-28 16:59:05',0,3),(1929,'2024-04-28 16:59:05',0,4),(1930,'2024-04-28 16:59:10',19,1),(1931,'2024-04-28 16:59:10',950,2),(1932,'2024-04-28 16:59:10',0,3),(1933,'2024-04-28 16:59:10',0,4),(1934,'2024-04-28 16:59:15',19,1),(1935,'2024-04-28 16:59:15',950,2),(1936,'2024-04-28 16:59:15',0,3),(1937,'2024-04-28 16:59:15',0,4),(1938,'2024-04-28 16:59:20',19,1),(1939,'2024-04-28 16:59:20',950,2),(1940,'2024-04-28 16:59:20',0,3),(1941,'2024-04-28 16:59:20',0,4),(1942,'2024-04-28 16:59:25',19,1),(1943,'2024-04-28 16:59:25',950,2),(1944,'2024-04-28 16:59:25',0,3),(1945,'2024-04-28 16:59:25',0,4),(1946,'2024-04-28 16:59:30',19,1),(1947,'2024-04-28 16:59:30',950,2),(1948,'2024-04-28 16:59:30',0,3),(1949,'2024-04-28 16:59:30',0,4),(1950,'2024-04-28 16:59:35',19,1),(1951,'2024-04-28 16:59:35',950,2),(1952,'2024-04-28 16:59:35',0,3),(1953,'2024-04-28 16:59:35',0,4),(1954,'2024-04-28 16:59:40',19,1),(1955,'2024-04-28 16:59:40',950,2),(1956,'2024-04-28 16:59:40',0,3),(1957,'2024-04-28 16:59:40',0,4),(1958,'2024-04-28 16:59:45',19,1),(1959,'2024-04-28 16:59:46',950,2),(1960,'2024-04-28 16:59:46',0,3),(1961,'2024-04-28 16:59:46',0,4),(1962,'2024-04-28 16:59:51',19,1),(1963,'2024-04-28 16:59:51',950,2),(1964,'2024-04-28 16:59:51',0,3),(1965,'2024-04-28 16:59:51',0,4),(1966,'2024-04-28 16:59:56',19,1),(1967,'2024-04-28 16:59:56',950,2),(1968,'2024-04-28 16:59:56',0,3),(1969,'2024-04-28 16:59:56',0,4),(1970,'2024-04-28 17:00:01',19,1),(1971,'2024-04-28 17:00:01',950,2),(1972,'2024-04-28 17:00:01',0,3),(1973,'2024-04-28 17:00:01',0,4),(1974,'2024-04-28 17:00:06',19,1),(1975,'2024-04-28 17:00:06',950,2),(1976,'2024-04-28 17:00:06',0,3),(1977,'2024-04-28 17:00:06',0,4),(1978,'2024-04-28 17:00:11',19,1),(1979,'2024-04-28 17:00:11',950,2),(1980,'2024-04-28 17:00:11',0,3),(1981,'2024-04-28 17:00:11',0,4),(1982,'2024-04-28 17:00:16',19,1),(1983,'2024-04-28 17:00:16',950,2),(1984,'2024-04-28 17:00:16',0,3),(1985,'2024-04-28 17:00:16',0,4),(1986,'2024-04-28 17:00:21',19,1),(1987,'2024-04-28 17:00:21',950,2),(1988,'2024-04-28 17:00:21',0,3),(1989,'2024-04-28 17:00:21',0,4),(1990,'2024-04-28 17:00:26',19,1),(1991,'2024-04-28 17:00:26',950,2),(1992,'2024-04-28 17:00:26',0,3),(1993,'2024-04-28 17:00:26',0,4),(1994,'2024-04-28 17:00:31',19,1),(1995,'2024-04-28 17:00:31',950,2),(1996,'2024-04-28 17:00:31',0,3),(1997,'2024-04-28 17:00:31',0,4),(1998,'2024-04-28 17:00:36',19,1),(1999,'2024-04-28 17:00:36',950,2),(2000,'2024-04-28 17:00:36',0,3),(2001,'2024-04-28 17:00:36',0,4),(2002,'2024-04-28 17:00:42',19,1),(2003,'2024-04-28 17:00:42',950,2),(2004,'2024-04-28 17:00:42',0,3),(2005,'2024-04-28 17:00:42',0,4),(2006,'2024-04-28 17:00:47',19,1),(2007,'2024-04-28 17:00:47',950,2),(2008,'2024-04-28 17:00:47',0,3),(2009,'2024-04-28 17:00:47',0,4),(2010,'2024-04-28 17:00:52',19,1),(2011,'2024-04-28 17:00:52',950,2),(2012,'2024-04-28 17:00:52',0,3),(2013,'2024-04-28 17:00:52',0,4),(2014,'2024-04-28 17:00:57',19,1),(2015,'2024-04-28 17:00:57',950,2),(2016,'2024-04-28 17:00:57',0,3),(2017,'2024-04-28 17:00:57',0,4),(2018,'2024-04-28 17:01:02',19,1),(2019,'2024-04-28 17:01:02',950,2),(2020,'2024-04-28 17:01:02',0,3),(2021,'2024-04-28 17:01:02',0,4),(2022,'2024-04-28 17:01:07',19,1),(2023,'2024-04-28 17:01:07',950,2),(2024,'2024-04-28 17:01:07',0,3),(2025,'2024-04-28 17:01:07',0,4),(2026,'2024-04-28 17:01:12',19,1),(2027,'2024-04-28 17:01:12',950,2),(2028,'2024-04-28 17:01:12',0,3),(2029,'2024-04-28 17:01:12',0,4),(2030,'2024-04-28 17:01:17',19,1),(2031,'2024-04-28 17:01:17',950,2),(2032,'2024-04-28 17:01:17',0,3),(2033,'2024-04-28 17:01:17',0,4),(2034,'2024-04-28 17:01:22',19,1),(2035,'2024-04-28 17:01:22',950,2),(2036,'2024-04-28 17:01:22',0,3),(2037,'2024-04-28 17:01:22',0,4),(2038,'2024-04-28 17:01:27',19,1),(2039,'2024-04-28 17:01:27',950,2),(2040,'2024-04-28 17:01:27',0,3),(2041,'2024-04-28 17:01:27',0,4),(2042,'2024-04-28 17:01:32',19,1),(2043,'2024-04-28 17:01:32',950,2),(2044,'2024-04-28 17:01:33',0,3),(2045,'2024-04-28 17:01:33',0,4),(2046,'2024-04-28 17:01:38',19,1),(2047,'2024-04-28 17:01:38',950,2),(2048,'2024-04-28 17:01:38',0,3),(2049,'2024-04-28 17:01:38',0,4),(2050,'2024-04-28 17:01:43',19,1),(2051,'2024-04-28 17:01:43',950,2),(2052,'2024-04-28 17:01:43',0,3),(2053,'2024-04-28 17:01:43',0,4),(2054,'2024-04-28 17:01:48',19,1),(2055,'2024-04-28 17:01:48',950,2),(2056,'2024-04-28 17:01:48',0,3),(2057,'2024-04-28 17:01:48',0,4),(2058,'2024-04-28 17:01:53',19,1),(2059,'2024-04-28 17:01:53',950,2),(2060,'2024-04-28 17:01:53',0,3),(2061,'2024-04-28 17:01:53',0,4),(2062,'2024-04-28 17:01:58',19,1),(2063,'2024-04-28 17:01:58',950,2),(2064,'2024-04-28 17:01:58',0,3),(2065,'2024-04-28 17:01:58',0,4),(2066,'2024-04-28 17:02:03',19,1),(2067,'2024-04-28 17:02:03',950,2),(2068,'2024-04-28 17:02:03',0,3),(2069,'2024-04-28 17:02:03',0,4),(2070,'2024-04-28 17:02:08',19,1),(2071,'2024-04-28 17:02:08',950,2),(2072,'2024-04-28 17:02:08',0,3),(2073,'2024-04-28 17:02:08',0,4),(2074,'2024-04-28 17:02:13',19,1),(2075,'2024-04-28 17:02:13',950,2),(2076,'2024-04-28 17:02:13',0,3),(2077,'2024-04-28 17:02:13',0,4),(2078,'2024-04-28 17:02:18',19,1),(2079,'2024-04-28 17:02:18',950,2),(2080,'2024-04-28 17:02:18',0,3),(2081,'2024-04-28 17:02:18',0,4),(2082,'2024-04-28 17:02:23',19,1),(2083,'2024-04-28 17:02:23',950,2),(2084,'2024-04-28 17:02:23',0,3),(2085,'2024-04-28 17:02:23',0,4),(2086,'2024-04-28 17:02:29',19,1),(2087,'2024-04-28 17:02:29',950,2),(2088,'2024-04-28 17:02:29',0,3),(2089,'2024-04-28 17:02:29',0,4),(2090,'2024-04-28 17:02:34',19,1),(2091,'2024-04-28 17:02:34',950,2),(2092,'2024-04-28 17:02:34',0,3),(2093,'2024-04-28 17:02:34',0,4),(2094,'2024-04-28 17:02:39',19,1),(2095,'2024-04-28 17:02:39',950,2),(2096,'2024-04-28 17:02:39',0,3),(2097,'2024-04-28 17:02:39',0,4),(2098,'2024-04-28 17:02:44',19,1),(2099,'2024-04-28 17:02:44',950,2),(2100,'2024-04-28 17:02:44',0,3),(2101,'2024-04-28 17:02:44',0,4),(2102,'2024-04-28 17:02:49',19,1),(2103,'2024-04-28 17:02:49',950,2),(2104,'2024-04-28 17:02:49',0,3),(2105,'2024-04-28 17:02:49',0,4),(2106,'2024-04-28 17:02:54',19,1),(2107,'2024-04-28 17:02:54',950,2),(2108,'2024-04-28 17:02:54',0,3),(2109,'2024-04-28 17:02:54',0,4),(2110,'2024-04-28 17:02:59',19,1),(2111,'2024-04-28 17:02:59',950,2),(2112,'2024-04-28 17:02:59',0,3),(2113,'2024-04-28 17:02:59',0,4),(2114,'2024-04-28 17:03:04',19,1),(2115,'2024-04-28 17:03:04',950,2),(2116,'2024-04-28 17:03:04',0,3),(2117,'2024-04-28 17:03:04',0,4),(2118,'2024-04-28 17:03:09',19,1),(2119,'2024-04-28 17:03:09',950,2),(2120,'2024-04-28 17:03:09',0,3),(2121,'2024-04-28 17:03:09',0,4),(2122,'2024-04-28 17:03:14',19,1),(2123,'2024-04-28 17:03:15',950,2),(2124,'2024-04-28 17:03:15',0,3),(2125,'2024-04-28 17:03:15',0,4),(2126,'2024-04-28 17:03:20',19,1),(2127,'2024-04-28 17:03:20',950,2),(2128,'2024-04-28 17:03:20',0,3),(2129,'2024-04-28 17:03:20',0,4),(2130,'2024-04-28 17:03:25',19,1),(2131,'2024-04-28 17:03:25',950,2),(2132,'2024-04-28 17:03:25',0,3),(2133,'2024-04-28 17:03:25',0,4),(2134,'2024-04-28 17:03:30',19,1),(2135,'2024-04-28 17:03:30',950,2),(2136,'2024-04-28 17:03:30',0,3),(2137,'2024-04-28 17:03:30',0,4),(2138,'2024-04-28 17:03:35',19,1),(2139,'2024-04-28 17:03:35',950,2),(2140,'2024-04-28 17:03:35',0,3),(2141,'2024-04-28 17:03:35',0,4),(2142,'2024-04-28 17:03:40',19,1),(2143,'2024-04-28 17:03:40',950,2),(2144,'2024-04-28 17:03:40',0,3),(2145,'2024-04-28 17:03:40',0,4),(2146,'2024-04-28 17:03:45',19,1),(2147,'2024-04-28 17:03:45',950,2),(2148,'2024-04-28 17:03:45',0,3),(2149,'2024-04-28 17:03:45',0,4),(2150,'2024-04-28 17:03:50',19,1),(2151,'2024-04-28 17:03:50',950,2),(2152,'2024-04-28 17:03:50',0,3),(2153,'2024-04-28 17:03:50',0,4),(2154,'2024-04-28 17:03:55',19,1),(2155,'2024-04-28 17:03:55',950,2),(2156,'2024-04-28 17:03:55',0,3),(2157,'2024-04-28 17:03:55',0,4),(2158,'2024-04-28 17:04:00',19,1),(2159,'2024-04-28 17:04:00',950,2),(2160,'2024-04-28 17:04:00',0,3),(2161,'2024-04-28 17:04:00',0,4),(2162,'2024-04-28 17:04:05',19,1),(2163,'2024-04-28 17:04:05',950,2),(2164,'2024-04-28 17:04:05',0,3),(2165,'2024-04-28 17:04:05',0,4),(2166,'2024-04-28 17:04:11',19,1),(2167,'2024-04-28 17:04:11',950,2),(2168,'2024-04-28 17:04:11',0,3),(2169,'2024-04-28 17:04:11',0,4),(2170,'2024-04-28 17:04:16',19,1),(2171,'2024-04-28 17:04:16',950,2),(2172,'2024-04-28 17:04:16',0,3),(2173,'2024-04-28 17:04:16',0,4),(2174,'2024-04-28 17:04:21',19,1),(2175,'2024-04-28 17:04:21',950,2),(2176,'2024-04-28 17:04:21',0,3),(2177,'2024-04-28 17:04:21',0,4),(2178,'2024-04-28 17:04:26',19,1),(2179,'2024-04-28 17:04:26',950,2),(2180,'2024-04-28 17:04:26',0,3),(2181,'2024-04-28 17:04:26',0,4),(2182,'2024-04-28 17:04:31',19,1),(2183,'2024-04-28 17:04:31',950,2),(2184,'2024-04-28 17:04:31',0,3),(2185,'2024-04-28 17:04:31',0,4),(2186,'2024-04-28 17:04:36',19,1),(2187,'2024-04-28 17:04:37',950,2),(2188,'2024-04-28 17:04:37',0,3),(2189,'2024-04-28 17:04:37',0,4),(2190,'2024-04-28 17:04:42',19,1),(2191,'2024-04-28 17:04:42',950,2),(2192,'2024-04-28 17:04:42',0,3),(2193,'2024-04-28 17:04:42',0,4),(2194,'2024-04-28 17:04:47',19,1),(2195,'2024-04-28 17:04:47',950,2),(2196,'2024-04-28 17:04:47',0,3),(2197,'2024-04-28 17:04:47',0,4),(2198,'2024-04-28 17:04:52',19,1),(2199,'2024-04-28 17:04:52',950,2),(2200,'2024-04-28 17:04:52',0,3),(2201,'2024-04-28 17:04:52',0,4),(2202,'2024-04-28 17:04:57',19,1),(2203,'2024-04-28 17:04:57',950,2),(2204,'2024-04-28 17:04:57',0,3),(2205,'2024-04-28 17:04:57',0,4),(2206,'2024-04-28 17:05:02',19,1),(2207,'2024-04-28 17:05:02',950,2),(2208,'2024-04-28 17:05:02',0,3),(2209,'2024-04-28 17:05:02',0,4),(2210,'2024-04-28 17:05:07',19,1),(2211,'2024-04-28 17:05:07',950,2),(2212,'2024-04-28 17:05:07',0,3),(2213,'2024-04-28 17:05:07',0,4),(2214,'2024-04-28 17:05:12',19,1),(2215,'2024-04-28 17:05:12',950,2),(2216,'2024-04-28 17:05:12',0,3),(2217,'2024-04-28 17:05:12',0,4),(2218,'2024-04-28 17:05:17',19,1),(2219,'2024-04-28 17:05:17',950,2),(2220,'2024-04-28 17:05:17',0,3),(2221,'2024-04-28 17:05:17',0,4),(2222,'2024-04-28 17:05:22',19,1),(2223,'2024-04-28 17:05:22',950,2),(2224,'2024-04-28 17:05:22',0,3),(2225,'2024-04-28 17:05:22',0,4),(2226,'2024-04-28 17:05:28',19,1),(2227,'2024-04-28 17:05:28',950,2),(2228,'2024-04-28 17:05:28',0,3),(2229,'2024-04-28 17:05:28',0,4),(2230,'2024-04-28 17:05:33',19,1),(2231,'2024-04-28 17:05:33',950,2),(2232,'2024-04-28 17:05:33',0,3),(2233,'2024-04-28 17:05:33',0,4),(2234,'2024-04-28 17:05:38',19,1),(2235,'2024-04-28 17:05:38',950,2),(2236,'2024-04-28 17:05:38',0,3),(2237,'2024-04-28 17:05:38',0,4),(2238,'2024-04-28 17:05:43',19,1),(2239,'2024-04-28 17:05:43',950,2),(2240,'2024-04-28 17:05:43',0,3),(2241,'2024-04-28 17:05:43',0,4),(2242,'2024-04-28 17:05:48',19,1),(2243,'2024-04-28 17:05:48',950,2),(2244,'2024-04-28 17:05:48',0,3),(2245,'2024-04-28 17:05:48',0,4),(2246,'2024-04-28 17:05:53',19,1),(2247,'2024-04-28 17:05:53',950,2),(2248,'2024-04-28 17:05:53',0,3),(2249,'2024-04-28 17:05:53',0,4),(2250,'2024-04-28 17:05:58',19,1),(2251,'2024-04-28 17:05:58',950,2),(2252,'2024-04-28 17:05:58',0,3),(2253,'2024-04-28 17:05:58',0,4),(2254,'2024-04-28 17:06:03',19,1),(2255,'2024-04-28 17:06:03',950,2),(2256,'2024-04-28 17:06:03',0,3),(2257,'2024-04-28 17:06:03',0,4),(2258,'2024-04-28 17:06:09',19,1),(2259,'2024-04-28 17:06:09',950,2),(2260,'2024-04-28 17:06:09',0,3),(2261,'2024-04-28 17:06:09',0,4),(2262,'2024-04-28 17:06:14',19,1),(2263,'2024-04-28 17:06:14',950,2),(2264,'2024-04-28 17:06:14',0,3),(2265,'2024-04-28 17:06:14',0,4),(2266,'2024-04-28 17:06:19',19,1),(2267,'2024-04-28 17:06:19',950,2),(2268,'2024-04-28 17:06:19',0,3),(2269,'2024-04-28 17:06:19',0,4),(2270,'2024-04-28 17:06:24',19,1),(2271,'2024-04-28 17:06:24',950,2),(2272,'2024-04-28 17:06:24',0,3),(2273,'2024-04-28 17:06:24',0,4),(2274,'2024-04-28 17:06:29',19,1),(2275,'2024-04-28 17:06:29',950,2),(2276,'2024-04-28 17:06:29',0,3),(2277,'2024-04-28 17:06:29',0,4),(2278,'2024-04-28 17:06:34',19,1),(2279,'2024-04-28 17:06:34',950,2),(2280,'2024-04-28 17:06:34',0,3),(2281,'2024-04-28 17:06:34',0,4),(2282,'2024-04-28 17:06:39',19,1),(2283,'2024-04-28 17:06:39',950,2),(2284,'2024-04-28 17:06:39',0,3),(2285,'2024-04-28 17:06:39',0,4),(2286,'2024-04-28 17:06:44',19,1),(2287,'2024-04-28 17:06:44',950,2),(2288,'2024-04-28 17:06:44',0,3),(2289,'2024-04-28 17:06:44',0,4),(2290,'2024-04-28 17:06:49',19,1),(2291,'2024-04-28 17:06:49',950,2),(2292,'2024-04-28 17:06:49',0,3),(2293,'2024-04-28 17:06:49',0,4),(2294,'2024-04-28 17:06:54',19,1),(2295,'2024-04-28 17:06:54',950,2),(2296,'2024-04-28 17:06:54',0,3),(2297,'2024-04-28 17:06:54',0,4),(2298,'2024-04-28 17:07:00',19,1),(2299,'2024-04-28 17:07:00',950,2),(2300,'2024-04-28 17:07:00',0,3),(2301,'2024-04-28 17:07:00',0,4),(2302,'2024-04-28 17:07:05',19,1),(2303,'2024-04-28 17:07:05',950,2),(2304,'2024-04-28 17:07:05',0,3),(2305,'2024-04-28 17:07:05',0,4),(2306,'2024-04-28 17:07:10',19,1),(2307,'2024-04-28 17:07:10',950,2),(2308,'2024-04-28 17:07:10',0,3),(2309,'2024-04-28 17:07:10',0,4),(2310,'2024-04-28 17:07:15',19,1),(2311,'2024-04-28 17:07:15',950,2),(2312,'2024-04-28 17:07:15',0,3),(2313,'2024-04-28 17:07:15',0,4),(2314,'2024-04-28 17:07:20',19,1),(2315,'2024-04-28 17:07:20',950,2),(2316,'2024-04-28 17:07:20',0,3),(2317,'2024-04-28 17:07:20',0,4),(2318,'2024-04-28 17:07:25',19,1),(2319,'2024-04-28 17:07:25',950,2),(2320,'2024-04-28 17:07:25',0,3),(2321,'2024-04-28 17:07:25',0,4),(2322,'2024-04-28 17:07:30',19,1),(2323,'2024-04-28 17:07:30',950,2),(2324,'2024-04-28 17:07:30',0,3),(2325,'2024-04-28 17:07:30',0,4),(2326,'2024-04-28 17:07:35',19,1),(2327,'2024-04-28 17:07:35',950,2),(2328,'2024-04-28 17:07:35',0,3),(2329,'2024-04-28 17:07:35',0,4),(2330,'2024-04-28 17:07:40',19,1),(2331,'2024-04-28 17:07:40',950,2),(2332,'2024-04-28 17:07:40',0,3),(2333,'2024-04-28 17:07:40',0,4),(2334,'2024-04-28 17:07:45',19,1),(2335,'2024-04-28 17:07:45',950,2),(2336,'2024-04-28 17:07:45',0,3),(2337,'2024-04-28 17:07:45',0,4),(2338,'2024-04-28 17:07:51',19,1),(2339,'2024-04-28 17:07:51',950,2),(2340,'2024-04-28 17:07:51',0,3),(2341,'2024-04-28 17:07:51',0,4),(2342,'2024-04-28 17:07:56',19,1),(2343,'2024-04-28 17:07:56',950,2),(2344,'2024-04-28 17:07:56',0,3),(2345,'2024-04-28 17:07:56',0,4),(2346,'2024-04-28 17:08:01',19,1),(2347,'2024-04-28 17:08:01',950,2),(2348,'2024-04-28 17:08:01',0,3),(2349,'2024-04-28 17:08:01',0,4),(2350,'2024-04-28 17:08:06',19,1),(2351,'2024-04-28 17:08:06',950,2),(2352,'2024-04-28 17:08:06',0,3),(2353,'2024-04-28 17:08:06',0,4),(2354,'2024-04-28 17:08:11',19,1),(2355,'2024-04-28 17:08:11',950,2),(2356,'2024-04-28 17:08:11',0,3),(2357,'2024-04-28 17:08:11',0,4),(2358,'2024-04-28 17:08:16',19,1),(2359,'2024-04-28 17:08:16',950,2),(2360,'2024-04-28 17:08:16',0,3),(2361,'2024-04-28 17:08:16',0,4),(2362,'2024-04-28 17:08:21',19,1),(2363,'2024-04-28 17:08:21',950,2),(2364,'2024-04-28 17:08:21',0,3),(2365,'2024-04-28 17:08:21',0,4),(2366,'2024-04-28 17:08:26',19,1),(2367,'2024-04-28 17:08:26',950,2),(2368,'2024-04-28 17:08:26',0,3),(2369,'2024-04-28 17:08:26',0,4),(2370,'2024-04-28 17:08:31',19,1),(2371,'2024-04-28 17:08:31',950,2),(2372,'2024-04-28 17:08:31',0,3),(2373,'2024-04-28 17:08:31',0,4),(2374,'2024-04-28 17:08:37',19,1),(2375,'2024-04-28 17:08:37',950,2),(2376,'2024-04-28 17:08:37',0,3),(2377,'2024-04-28 17:08:37',0,4),(2378,'2024-04-28 17:08:42',19,1),(2379,'2024-04-28 17:08:42',950,2),(2380,'2024-04-28 17:08:42',0,3),(2381,'2024-04-28 17:08:42',0,4),(2382,'2024-04-28 17:08:47',19,1),(2383,'2024-04-28 17:08:47',950,2),(2384,'2024-04-28 17:08:47',0,3),(2385,'2024-04-28 17:08:47',0,4),(2386,'2024-04-28 17:08:52',19,1),(2387,'2024-04-28 17:08:52',950,2),(2388,'2024-04-28 17:08:52',0,3),(2389,'2024-04-28 17:08:52',0,4),(2390,'2024-04-28 17:08:57',19,1),(2391,'2024-04-28 17:08:57',950,2),(2392,'2024-04-28 17:08:57',0,3),(2393,'2024-04-28 17:08:57',0,4),(2394,'2024-04-28 17:09:02',19,1),(2395,'2024-04-28 17:09:02',950,2),(2396,'2024-04-28 17:09:02',0,3),(2397,'2024-04-28 17:09:02',0,4),(2398,'2024-04-28 17:09:07',19,1),(2399,'2024-04-28 17:09:07',950,2),(2400,'2024-04-28 17:09:07',0,3),(2401,'2024-04-28 17:09:07',0,4),(2402,'2024-04-28 17:09:12',19,1),(2403,'2024-04-28 17:09:12',950,2),(2404,'2024-04-28 17:09:12',0,3),(2405,'2024-04-28 17:09:12',0,4),(2406,'2024-04-28 17:09:17',19,1),(2407,'2024-04-28 17:09:17',950,2),(2408,'2024-04-28 17:09:18',0,3),(2409,'2024-04-28 17:09:18',0,4),(2410,'2024-04-28 17:09:23',19,1),(2411,'2024-04-28 17:09:23',950,2),(2412,'2024-04-28 17:09:23',0,3),(2413,'2024-04-28 17:09:23',0,4),(2414,'2024-04-28 17:09:28',19,1),(2415,'2024-04-28 17:09:28',950,2),(2416,'2024-04-28 17:09:28',0,3),(2417,'2024-04-28 17:09:28',0,4),(2418,'2024-04-28 17:09:33',19,1),(2419,'2024-04-28 17:09:33',950,2),(2420,'2024-04-28 17:09:33',0,3),(2421,'2024-04-28 17:09:33',0,4),(2422,'2024-04-28 17:09:38',19,1),(2423,'2024-04-28 17:09:38',950,2),(2424,'2024-04-28 17:09:38',0,3),(2425,'2024-04-28 17:09:38',0,4),(2426,'2024-04-28 17:09:43',19,1),(2427,'2024-04-28 17:09:43',950,2),(2428,'2024-04-28 17:09:43',0,3),(2429,'2024-04-28 17:09:43',0,4),(2430,'2024-04-28 17:09:48',19,1),(2431,'2024-04-28 17:09:48',950,2),(2432,'2024-04-28 17:09:48',0,3),(2433,'2024-04-28 17:09:48',0,4),(2434,'2024-04-28 17:09:53',19,1),(2435,'2024-04-28 17:09:53',950,2),(2436,'2024-04-28 17:09:53',0,3),(2437,'2024-04-28 17:09:53',0,4),(2438,'2024-04-28 17:09:58',19,1),(2439,'2024-04-28 17:09:58',950,2),(2440,'2024-04-28 17:09:58',0,3),(2441,'2024-04-28 17:09:58',0,4),(2442,'2024-04-28 17:10:03',19,1),(2443,'2024-04-28 17:10:03',950,2),(2444,'2024-04-28 17:10:03',0,3),(2445,'2024-04-28 17:10:04',0,4),(2446,'2024-04-28 17:10:09',19,1),(2447,'2024-04-28 17:10:09',950,2),(2448,'2024-04-28 17:10:09',0,3),(2449,'2024-04-28 17:10:09',0,4),(2450,'2024-04-28 17:10:14',19,1),(2451,'2024-04-28 17:10:14',950,2),(2452,'2024-04-28 17:10:14',0,3),(2453,'2024-04-28 17:10:14',0,4),(2454,'2024-04-28 17:10:19',19,1),(2455,'2024-04-28 17:10:19',950,2),(2456,'2024-04-28 17:10:19',0,3),(2457,'2024-04-28 17:10:19',0,4),(2458,'2024-04-28 17:10:24',19,1),(2459,'2024-04-28 17:10:24',950,2),(2460,'2024-04-28 17:10:24',0,3),(2461,'2024-04-28 17:10:24',0,4),(2462,'2024-04-28 17:10:29',19,1),(2463,'2024-04-28 17:10:29',950,2),(2464,'2024-04-28 17:10:29',0,3),(2465,'2024-04-28 17:10:29',0,4),(2466,'2024-04-28 17:10:34',19,1),(2467,'2024-04-28 17:10:34',950,2),(2468,'2024-04-28 17:10:34',0,3),(2469,'2024-04-28 17:10:34',0,4),(2470,'2024-04-28 17:10:39',19,1),(2471,'2024-04-28 17:10:39',950,2),(2472,'2024-04-28 17:10:39',0,3),(2473,'2024-04-28 17:10:39',0,4),(2474,'2024-04-28 17:10:44',19,1),(2475,'2024-04-28 17:10:44',950,2),(2476,'2024-04-28 17:10:44',0,3),(2477,'2024-04-28 17:10:44',0,4),(2478,'2024-04-28 17:10:49',19,1),(2479,'2024-04-28 17:10:49',950,2),(2480,'2024-04-28 17:10:49',0,3),(2481,'2024-04-28 17:10:49',0,4),(2482,'2024-04-28 17:10:55',19,1),(2483,'2024-04-28 17:10:55',950,2),(2484,'2024-04-28 17:10:55',0,3),(2485,'2024-04-28 17:10:55',0,4),(2486,'2024-04-28 17:11:00',19,1),(2487,'2024-04-28 17:11:00',950,2),(2488,'2024-04-28 17:11:00',0,3),(2489,'2024-04-28 17:11:00',0,4),(2490,'2024-04-28 17:11:05',19,1),(2491,'2024-04-28 17:11:05',950,2),(2492,'2024-04-28 17:11:05',0,3),(2493,'2024-04-28 17:11:05',0,4),(2494,'2024-04-28 17:11:10',19,1),(2495,'2024-04-28 17:11:10',950,2),(2496,'2024-04-28 17:11:10',0,3),(2497,'2024-04-28 17:11:10',0,4),(2498,'2024-04-28 17:11:15',19,1),(2499,'2024-04-28 17:11:15',950,2),(2500,'2024-04-28 17:11:15',0,3),(2501,'2024-04-28 17:11:15',0,4),(2502,'2024-04-28 17:11:20',19,1),(2503,'2024-04-28 17:11:20',950,2),(2504,'2024-04-28 17:11:20',0,3),(2505,'2024-04-28 17:11:20',0,4),(2506,'2024-04-28 17:11:25',19,1),(2507,'2024-04-28 17:11:25',950,2),(2508,'2024-04-28 17:11:25',0,3),(2509,'2024-04-28 17:11:25',0,4),(2510,'2024-04-28 17:11:30',19,1),(2511,'2024-04-28 17:11:30',950,2),(2512,'2024-04-28 17:11:30',0,3),(2513,'2024-04-28 17:11:30',0,4),(2514,'2024-04-28 17:11:35',19,1),(2515,'2024-04-28 17:11:35',950,2),(2516,'2024-04-28 17:11:35',0,3),(2517,'2024-04-28 17:11:35',0,4),(2518,'2024-04-28 17:11:40',19,1),(2519,'2024-04-28 17:11:40',950,2),(2520,'2024-04-28 17:11:40',0,3),(2521,'2024-04-28 17:11:40',0,4),(2522,'2024-04-28 17:11:46',19,1),(2523,'2024-04-28 17:11:46',950,2),(2524,'2024-04-28 17:11:46',0,3),(2525,'2024-04-28 17:11:46',0,4),(2526,'2024-04-28 17:11:51',19,1),(2527,'2024-04-28 17:11:51',950,2),(2528,'2024-04-28 17:11:51',0,3),(2529,'2024-04-28 17:11:51',0,4),(2530,'2024-04-28 17:11:56',19,1),(2531,'2024-04-28 17:11:56',950,2),(2532,'2024-04-28 17:11:56',0,3),(2533,'2024-04-28 17:11:56',0,4),(2534,'2024-04-28 17:12:01',19,1),(2535,'2024-04-28 17:12:01',950,2),(2536,'2024-04-28 17:12:01',0,3),(2537,'2024-04-28 17:12:01',0,4),(2538,'2024-04-28 17:12:06',19,1),(2539,'2024-04-28 17:12:06',950,2),(2540,'2024-04-28 17:12:06',0,3),(2541,'2024-04-28 17:12:06',0,4),(2542,'2024-04-28 17:12:11',19,1),(2543,'2024-04-28 17:12:11',950,2),(2544,'2024-04-28 17:12:11',0,3),(2545,'2024-04-28 17:12:11',0,4),(2546,'2024-04-28 17:12:16',19,1),(2547,'2024-04-28 17:12:16',950,2),(2548,'2024-04-28 17:12:16',0,3),(2549,'2024-04-28 17:12:16',0,4),(2550,'2024-04-28 17:12:21',19,1),(2551,'2024-04-28 17:12:21',950,2),(2552,'2024-04-28 17:12:21',0,3),(2553,'2024-04-28 17:12:21',0,4),(2554,'2024-04-28 17:12:26',19,1),(2555,'2024-04-28 17:12:26',950,2),(2556,'2024-04-28 17:12:26',0,3),(2557,'2024-04-28 17:12:26',0,4),(2558,'2024-04-28 17:12:31',19,1),(2559,'2024-04-28 17:12:31',950,2),(2560,'2024-04-28 17:12:31',0,3),(2561,'2024-04-28 17:12:31',0,4),(2562,'2024-04-28 17:12:36',19,1),(2563,'2024-04-28 17:12:36',950,2),(2564,'2024-04-28 17:12:36',0,3),(2565,'2024-04-28 17:12:36',0,4),(2566,'2024-04-28 17:12:42',19,1),(2567,'2024-04-28 17:12:42',950,2),(2568,'2024-04-28 17:12:42',0,3),(2569,'2024-04-28 17:12:42',0,4),(2570,'2024-04-28 17:12:47',19,1),(2571,'2024-04-28 17:12:47',950,2),(2572,'2024-04-28 17:12:47',0,3),(2573,'2024-04-28 17:12:47',0,4),(2574,'2024-04-28 17:12:52',19,1),(2575,'2024-04-28 17:12:52',950,2),(2576,'2024-04-28 17:12:52',0,3),(2577,'2024-04-28 17:12:52',0,4),(2578,'2024-04-28 17:12:57',19,1),(2579,'2024-04-28 17:12:57',950,2),(2580,'2024-04-28 17:12:57',0,3),(2581,'2024-04-28 17:12:57',0,4),(2582,'2024-04-28 17:13:02',19,1),(2583,'2024-04-28 17:13:02',950,2),(2584,'2024-04-28 17:13:02',0,3),(2585,'2024-04-28 17:13:02',0,4),(2586,'2024-04-28 17:13:07',19,1),(2587,'2024-04-28 17:13:07',950,2),(2588,'2024-04-28 17:13:07',0,3),(2589,'2024-04-28 17:13:07',0,4),(2590,'2024-04-28 17:13:12',19,1),(2591,'2024-04-28 17:13:12',950,2),(2592,'2024-04-28 17:13:12',0,3),(2593,'2024-04-28 17:13:12',0,4),(2594,'2024-04-28 17:13:17',19,1),(2595,'2024-04-28 17:13:17',950,2),(2596,'2024-04-28 17:13:17',0,3),(2597,'2024-04-28 17:13:17',0,4),(2598,'2024-04-28 17:13:22',19,1),(2599,'2024-04-28 17:13:22',950,2),(2600,'2024-04-28 17:13:22',0,3),(2601,'2024-04-28 17:13:22',0,4),(2602,'2024-04-28 17:13:27',19,1),(2603,'2024-04-28 17:13:27',950,2),(2604,'2024-04-28 17:13:27',0,3),(2605,'2024-04-28 17:13:27',0,4),(2606,'2024-04-28 17:13:33',19,1),(2607,'2024-04-28 17:13:33',950,2),(2608,'2024-04-28 17:13:33',0,3),(2609,'2024-04-28 17:13:33',0,4),(2610,'2024-04-28 17:13:38',19,1),(2611,'2024-04-28 17:13:38',950,2),(2612,'2024-04-28 17:13:38',0,3),(2613,'2024-04-28 17:13:38',0,4),(2614,'2024-04-28 17:13:43',19,1),(2615,'2024-04-28 17:13:43',950,2),(2616,'2024-04-28 17:13:43',0,3),(2617,'2024-04-28 17:13:43',0,4),(2618,'2024-04-28 17:13:48',19,1),(2619,'2024-04-28 17:13:48',950,2),(2620,'2024-04-28 17:13:48',0,3),(2621,'2024-04-28 17:13:48',0,4),(2622,'2024-04-28 17:13:53',19,1),(2623,'2024-04-28 17:13:53',950,2),(2624,'2024-04-28 17:13:53',0,3),(2625,'2024-04-28 17:13:53',0,4),(2626,'2024-04-28 17:13:58',19,1),(2627,'2024-04-28 17:13:58',950,2),(2628,'2024-04-28 17:13:58',0,3),(2629,'2024-04-28 17:13:58',0,4),(2630,'2024-04-28 17:14:03',19,1),(2631,'2024-04-28 17:14:03',950,2),(2632,'2024-04-28 17:14:03',0,3),(2633,'2024-04-28 17:14:03',0,4),(2634,'2024-04-28 17:14:08',19,1),(2635,'2024-04-28 17:14:08',950,2),(2636,'2024-04-28 17:14:08',0,3),(2637,'2024-04-28 17:14:08',0,4),(2638,'2024-04-28 17:14:13',19,1),(2639,'2024-04-28 17:14:13',950,2),(2640,'2024-04-28 17:14:13',0,3),(2641,'2024-04-28 17:14:13',0,4),(2642,'2024-04-28 17:14:18',19,1),(2643,'2024-04-28 17:14:18',950,2),(2644,'2024-04-28 17:14:18',0,3),(2645,'2024-04-28 17:14:18',0,4),(2646,'2024-04-28 17:14:24',19,1),(2647,'2024-04-28 17:14:24',950,2),(2648,'2024-04-28 17:14:24',0,3),(2649,'2024-04-28 17:14:24',0,4),(2650,'2024-04-28 17:14:29',19,1),(2651,'2024-04-28 17:14:29',950,2),(2652,'2024-04-28 17:14:29',0,3),(2653,'2024-04-28 17:14:29',0,4),(2654,'2024-04-28 17:14:34',19,1),(2655,'2024-04-28 17:14:34',950,2),(2656,'2024-04-28 17:14:34',0,3),(2657,'2024-04-28 17:14:34',0,4),(2658,'2024-04-28 17:14:39',19,1),(2659,'2024-04-28 17:14:39',950,2),(2660,'2024-04-28 17:14:39',0,3),(2661,'2024-04-28 17:14:39',0,4),(2662,'2024-04-28 17:14:44',19,1),(2663,'2024-04-28 17:14:44',950,2),(2664,'2024-04-28 17:14:44',0,3),(2665,'2024-04-28 17:14:44',0,4),(2666,'2024-04-28 17:14:49',19,1),(2667,'2024-04-28 17:14:49',950,2),(2668,'2024-04-28 17:14:49',0,3),(2669,'2024-04-28 17:14:49',0,4),(2670,'2024-04-28 17:14:54',19,1),(2671,'2024-04-28 17:14:54',950,2),(2672,'2024-04-28 17:14:54',0,3),(2673,'2024-04-28 17:14:54',0,4),(2674,'2024-04-28 17:14:59',19,1),(2675,'2024-04-28 17:14:59',950,2),(2676,'2024-04-28 17:14:59',0,3),(2677,'2024-04-28 17:14:59',0,4),(2678,'2024-04-28 17:15:04',19,1),(2679,'2024-04-28 17:15:04',950,2),(2680,'2024-04-28 17:15:04',0,3),(2681,'2024-04-28 17:15:04',0,4),(2682,'2024-04-28 17:15:09',19,1),(2683,'2024-04-28 17:15:09',950,2),(2684,'2024-04-28 17:15:09',0,3),(2685,'2024-04-28 17:15:09',0,4),(2686,'2024-04-28 17:15:15',19,1),(2687,'2024-04-28 17:15:15',950,2),(2688,'2024-04-28 17:15:15',0,3),(2689,'2024-04-28 17:15:15',0,4),(2690,'2024-04-28 17:15:20',19,1),(2691,'2024-04-28 17:15:20',950,2),(2692,'2024-04-28 17:15:20',0,3),(2693,'2024-04-28 17:15:20',0,4),(2694,'2024-04-28 17:15:25',19,1),(2695,'2024-04-28 17:15:25',950,2),(2696,'2024-04-28 17:15:25',0,3),(2697,'2024-04-28 17:15:25',0,4),(2698,'2024-04-28 17:15:30',19,1),(2699,'2024-04-28 17:15:30',950,2),(2700,'2024-04-28 17:15:30',0,3),(2701,'2024-04-28 17:15:30',0,4),(2702,'2024-04-28 17:15:35',19,1),(2703,'2024-04-28 17:15:35',950,2),(2704,'2024-04-28 17:15:35',0,3),(2705,'2024-04-28 17:15:35',0,4),(2706,'2024-04-28 17:15:40',19,1),(2707,'2024-04-28 17:15:40',950,2),(2708,'2024-04-28 17:15:40',0,3),(2709,'2024-04-28 17:15:40',0,4),(2710,'2024-04-28 17:15:45',19,1),(2711,'2024-04-28 17:15:45',950,2),(2712,'2024-04-28 17:15:45',0,3),(2713,'2024-04-28 17:15:45',0,4),(2714,'2024-04-28 17:15:50',19,1),(2715,'2024-04-28 17:15:50',950,2),(2716,'2024-04-28 17:15:50',0,3),(2717,'2024-04-28 17:15:50',0,4),(2718,'2024-04-28 17:15:55',19,1),(2719,'2024-04-28 17:15:56',950,2),(2720,'2024-04-28 17:15:56',0,3),(2721,'2024-04-28 17:15:56',0,4),(2722,'2024-04-28 17:16:01',19,1),(2723,'2024-04-28 17:16:01',950,2),(2724,'2024-04-28 17:16:01',0,3),(2725,'2024-04-28 17:16:01',0,4),(2726,'2024-04-28 17:16:06',19,1),(2727,'2024-04-28 17:16:06',950,2),(2728,'2024-04-28 17:16:06',0,3),(2729,'2024-04-28 17:16:06',0,4),(2730,'2024-04-28 17:16:11',19,1),(2731,'2024-04-28 17:16:11',950,2),(2732,'2024-04-28 17:16:11',0,3),(2733,'2024-04-28 17:16:11',0,4),(2734,'2024-04-28 17:16:16',19,1),(2735,'2024-04-28 17:16:16',950,2),(2736,'2024-04-28 17:16:16',0,3),(2737,'2024-04-28 17:16:16',0,4),(2738,'2024-04-28 17:16:21',19,1),(2739,'2024-04-28 17:16:21',950,2),(2740,'2024-04-28 17:16:21',0,3),(2741,'2024-04-28 17:16:21',0,4),(2742,'2024-04-28 17:16:26',19,1),(2743,'2024-04-28 17:16:26',950,2),(2744,'2024-04-28 17:16:26',0,3),(2745,'2024-04-28 17:16:26',0,4),(2746,'2024-04-28 17:16:31',19,1),(2747,'2024-04-28 17:16:31',950,2),(2748,'2024-04-28 17:16:31',0,3),(2749,'2024-04-28 17:16:31',0,4),(2750,'2024-04-28 17:16:36',19,1),(2751,'2024-04-28 17:16:36',950,2),(2752,'2024-04-28 17:16:36',0,3),(2753,'2024-04-28 17:16:36',0,4),(2754,'2024-04-28 17:16:41',19,1),(2755,'2024-04-28 17:16:41',950,2),(2756,'2024-04-28 17:16:41',0,3),(2757,'2024-04-28 17:16:41',0,4),(2758,'2024-04-28 17:16:47',19,1),(2759,'2024-04-28 17:16:47',950,2),(2760,'2024-04-28 17:16:47',0,3),(2761,'2024-04-28 17:16:47',0,4),(2762,'2024-04-28 17:16:52',19,1),(2763,'2024-04-28 17:16:52',950,2),(2764,'2024-04-28 17:16:52',0,3),(2765,'2024-04-28 17:16:52',0,4),(2766,'2024-04-28 17:16:57',19,1),(2767,'2024-04-28 17:16:57',950,2),(2768,'2024-04-28 17:16:57',0,3),(2769,'2024-04-28 17:16:57',0,4),(2770,'2024-04-28 17:17:02',19,1),(2771,'2024-04-28 17:17:02',950,2),(2772,'2024-04-28 17:17:02',0,3),(2773,'2024-04-28 17:17:02',0,4),(2774,'2024-04-28 17:17:07',19,1),(2775,'2024-04-28 17:17:07',950,2),(2776,'2024-04-28 17:17:07',0,3),(2777,'2024-04-28 17:17:07',0,4),(2778,'2024-04-28 17:17:12',19,1),(2779,'2024-04-28 17:17:12',950,2),(2780,'2024-04-28 17:17:12',0,3),(2781,'2024-04-28 17:17:12',0,4),(2782,'2024-04-28 17:17:17',19,1),(2783,'2024-04-28 17:17:17',950,2),(2784,'2024-04-28 17:17:17',0,3),(2785,'2024-04-28 17:17:17',0,4),(2786,'2024-04-28 17:17:22',19,1),(2787,'2024-04-28 17:17:22',950,2),(2788,'2024-04-28 17:17:22',0,3),(2789,'2024-04-28 17:17:22',0,4),(2790,'2024-04-28 17:17:27',19,1),(2791,'2024-04-28 17:17:27',950,2),(2792,'2024-04-28 17:17:27',0,3),(2793,'2024-04-28 17:17:27',0,4),(2794,'2024-04-28 17:17:32',19,1),(2795,'2024-04-28 17:17:32',950,2),(2796,'2024-04-28 17:17:33',0,3),(2797,'2024-04-28 17:17:33',0,4),(2798,'2024-04-28 17:17:38',19,1),(2799,'2024-04-28 17:17:38',950,2),(2800,'2024-04-28 17:17:38',0,3),(2801,'2024-04-28 17:17:38',0,4),(2802,'2024-04-28 17:17:43',19,1),(2803,'2024-04-28 17:17:43',950,2),(2804,'2024-04-28 17:17:43',0,3),(2805,'2024-04-28 17:17:43',0,4),(2806,'2024-04-28 17:17:48',19,1),(2807,'2024-04-28 17:17:48',950,2),(2808,'2024-04-28 17:17:48',0,3),(2809,'2024-04-28 17:17:48',0,4),(2810,'2024-04-28 17:17:53',19,1),(2811,'2024-04-28 17:17:53',950,2),(2812,'2024-04-28 17:17:53',0,3),(2813,'2024-04-28 17:17:53',0,4),(2814,'2024-04-28 17:17:58',19,1),(2815,'2024-04-28 17:17:58',950,2),(2816,'2024-04-28 17:17:58',0,3),(2817,'2024-04-28 17:17:58',0,4),(2818,'2024-04-28 17:18:03',19,1),(2819,'2024-04-28 17:18:03',950,2),(2820,'2024-04-28 17:18:03',0,3),(2821,'2024-04-28 17:18:03',0,4),(2822,'2024-04-28 17:18:08',19,1),(2823,'2024-04-28 17:18:08',950,2),(2824,'2024-04-28 17:18:08',0,3),(2825,'2024-04-28 17:18:08',0,4),(2826,'2024-04-28 17:18:13',19,1),(2827,'2024-04-28 17:18:13',950,2),(2828,'2024-04-28 17:18:13',0,3),(2829,'2024-04-28 17:18:13',0,4),(2830,'2024-04-28 17:18:18',19,1),(2831,'2024-04-28 17:18:18',950,2),(2832,'2024-04-28 17:18:18',0,3),(2833,'2024-04-28 17:18:18',0,4),(2834,'2024-04-28 17:18:23',19,1),(2835,'2024-04-28 17:18:24',950,2),(2836,'2024-04-28 17:18:24',0,3),(2837,'2024-04-28 17:18:24',0,4),(2838,'2024-04-28 17:18:29',19,1),(2839,'2024-04-28 17:18:29',950,2),(2840,'2024-04-28 17:18:29',0,3),(2841,'2024-04-28 17:18:29',0,4),(2842,'2024-04-28 17:18:34',19,1),(2843,'2024-04-28 17:18:34',950,2),(2844,'2024-04-28 17:18:34',0,3),(2845,'2024-04-28 17:18:34',0,4),(2846,'2024-04-28 17:18:39',19,1),(2847,'2024-04-28 17:18:39',950,2),(2848,'2024-04-28 17:18:39',0,3),(2849,'2024-04-28 17:18:39',0,4),(2850,'2024-04-28 17:18:44',19,1),(2851,'2024-04-28 17:18:44',950,2),(2852,'2024-04-28 17:18:44',0,3),(2853,'2024-04-28 17:18:44',0,4),(2854,'2024-04-28 17:18:49',19,1),(2855,'2024-04-28 17:18:49',950,2),(2856,'2024-04-28 17:18:49',0,3),(2857,'2024-04-28 17:18:49',0,4),(2858,'2024-04-28 17:18:54',19,1),(2859,'2024-04-28 17:18:54',950,2),(2860,'2024-04-28 17:18:54',0,3),(2861,'2024-04-28 17:18:54',0,4),(2862,'2024-04-28 17:18:59',19,1),(2863,'2024-04-28 17:18:59',950,2),(2864,'2024-04-28 17:18:59',0,3),(2865,'2024-04-28 17:18:59',0,4),(2866,'2024-04-28 17:19:04',19,1),(2867,'2024-04-28 17:19:04',950,2),(2868,'2024-04-28 17:19:04',0,3),(2869,'2024-04-28 17:19:04',0,4),(2870,'2024-04-28 17:19:09',19,1),(2871,'2024-04-28 17:19:09',950,2),(2872,'2024-04-28 17:19:09',0,3),(2873,'2024-04-28 17:19:09',0,4),(2874,'2024-04-28 17:19:14',19,1),(2875,'2024-04-28 17:19:14',950,2),(2876,'2024-04-28 17:19:14',0,3),(2877,'2024-04-28 17:19:14',0,4),(2878,'2024-04-28 17:19:20',19,1),(2879,'2024-04-28 17:19:20',950,2),(2880,'2024-04-28 17:19:20',0,3),(2881,'2024-04-28 17:19:20',0,4),(2882,'2024-04-28 17:19:25',19,1),(2883,'2024-04-28 17:19:25',950,2),(2884,'2024-04-28 17:19:25',0,3),(2885,'2024-04-28 17:19:25',0,4),(2886,'2024-04-28 17:19:30',19,1),(2887,'2024-04-28 17:19:30',950,2),(2888,'2024-04-28 17:19:30',0,3),(2889,'2024-04-28 17:19:30',0,4),(2890,'2024-04-28 17:19:35',19,1),(2891,'2024-04-28 17:19:35',950,2),(2892,'2024-04-28 17:19:35',0,3),(2893,'2024-04-28 17:19:35',0,4),(2894,'2024-04-28 17:19:40',19,1),(2895,'2024-04-28 17:19:40',950,2),(2896,'2024-04-28 17:19:40',0,3),(2897,'2024-04-28 17:19:40',0,4),(2898,'2024-04-28 17:19:45',19,1),(2899,'2024-04-28 17:19:45',950,2),(2900,'2024-04-28 17:19:45',0,3),(2901,'2024-04-28 17:19:45',0,4),(2902,'2024-04-28 17:19:50',19,1),(2903,'2024-04-28 17:19:50',950,2),(2904,'2024-04-28 17:19:50',0,3),(2905,'2024-04-28 17:19:50',0,4),(2906,'2024-04-28 17:19:55',19,1),(2907,'2024-04-28 17:19:55',950,2),(2908,'2024-04-28 17:19:55',0,3),(2909,'2024-04-28 17:19:55',0,4),(2910,'2024-04-28 17:20:00',19,1),(2911,'2024-04-28 17:20:00',950,2),(2912,'2024-04-28 17:20:00',0,3),(2913,'2024-04-28 17:20:00',0,4),(2914,'2024-04-28 17:20:06',19,1),(2915,'2024-04-28 17:20:06',950,2),(2916,'2024-04-28 17:20:06',0,3),(2917,'2024-04-28 17:20:06',0,4),(2918,'2024-04-28 17:20:11',19,1),(2919,'2024-04-28 17:20:11',950,2),(2920,'2024-04-28 17:20:11',0,3),(2921,'2024-04-28 17:20:11',0,4),(2922,'2024-04-28 17:20:16',19,1),(2923,'2024-04-28 17:20:16',950,2),(2924,'2024-04-28 17:20:16',0,3),(2925,'2024-04-28 17:20:16',0,4),(2926,'2024-04-28 17:20:21',19,1),(2927,'2024-04-28 17:20:21',950,2),(2928,'2024-04-28 17:20:21',0,3),(2929,'2024-04-28 17:20:21',0,4),(2930,'2024-04-28 17:20:26',19,1),(2931,'2024-04-28 17:20:26',950,2),(2932,'2024-04-28 17:20:26',0,3),(2933,'2024-04-28 17:20:26',0,4),(2934,'2024-04-28 17:20:31',19,1),(2935,'2024-04-28 17:20:31',950,2),(2936,'2024-04-28 17:20:31',0,3),(2937,'2024-04-28 17:20:31',0,4),(2938,'2024-04-28 17:20:36',19,1),(2939,'2024-04-28 17:20:36',950,2),(2940,'2024-04-28 17:20:36',0,3),(2941,'2024-04-28 17:20:36',0,4),(2942,'2024-04-28 17:20:41',19,1),(2943,'2024-04-28 17:20:41',950,2),(2944,'2024-04-28 17:20:41',0,3),(2945,'2024-04-28 17:20:41',0,4),(2946,'2024-04-28 17:20:47',19,1),(2947,'2024-04-28 17:20:47',950,2),(2948,'2024-04-28 17:20:47',0,3),(2949,'2024-04-28 17:20:47',0,4),(2950,'2024-04-28 17:20:52',19,1),(2951,'2024-04-28 17:20:52',950,2),(2952,'2024-04-28 17:20:52',0,3),(2953,'2024-04-28 17:20:52',0,4),(2954,'2024-04-28 17:20:57',19,1),(2955,'2024-04-28 17:20:57',950,2),(2956,'2024-04-28 17:20:57',0,3),(2957,'2024-04-28 17:20:57',0,4),(2958,'2024-04-28 17:21:02',19,1),(2959,'2024-04-28 17:21:02',950,2),(2960,'2024-04-28 17:21:02',0,3),(2961,'2024-04-28 17:21:02',0,4),(2962,'2024-04-28 17:21:07',19,1),(2963,'2024-04-28 17:21:07',950,2),(2964,'2024-04-28 17:21:07',0,3),(2965,'2024-04-28 17:21:07',0,4),(2966,'2024-04-28 17:21:12',19,1),(2967,'2024-04-28 17:21:12',950,2),(2968,'2024-04-28 17:21:12',0,3),(2969,'2024-04-28 17:21:12',0,4),(2970,'2024-04-28 17:21:18',19,1),(2971,'2024-04-28 17:21:18',950,2),(2972,'2024-04-28 17:21:18',0,3),(2973,'2024-04-28 17:21:18',0,4),(2974,'2024-04-28 17:21:23',19,1),(2975,'2024-04-28 17:21:23',950,2),(2976,'2024-04-28 17:21:23',0,3),(2977,'2024-04-28 17:21:23',0,4),(2978,'2024-04-28 17:21:28',19,1),(2979,'2024-04-28 17:21:28',950,2),(2980,'2024-04-28 17:21:28',0,3),(2981,'2024-04-28 17:21:28',0,4),(2982,'2024-04-28 17:21:33',19,1),(2983,'2024-04-28 17:21:33',950,2),(2984,'2024-04-28 17:21:33',0,3),(2985,'2024-04-28 17:21:33',0,4),(2986,'2024-04-28 17:21:38',19,1),(2987,'2024-04-28 17:21:38',950,2),(2988,'2024-04-28 17:21:38',0,3),(2989,'2024-04-28 17:21:38',0,4),(2990,'2024-04-28 17:21:43',19,1),(2991,'2024-04-28 17:21:43',950,2),(2992,'2024-04-28 17:21:43',0,3),(2993,'2024-04-28 17:21:43',0,4),(2994,'2024-04-28 17:21:49',19,1),(2995,'2024-04-28 17:21:49',950,2),(2996,'2024-04-28 17:21:49',0,3),(2997,'2024-04-28 17:21:49',0,4),(2998,'2024-04-28 17:21:54',19,1),(2999,'2024-04-28 17:21:54',950,2),(3000,'2024-04-28 17:21:54',0,3),(3001,'2024-04-28 17:21:54',0,4),(3002,'2024-04-28 17:21:59',19,1),(3003,'2024-04-28 17:21:59',950,2),(3004,'2024-04-28 17:21:59',0,3),(3005,'2024-04-28 17:21:59',0,4),(3006,'2024-04-28 17:22:04',19,1),(3007,'2024-04-28 17:22:04',950,2),(3008,'2024-04-28 17:22:04',0,3),(3009,'2024-04-28 17:22:04',0,4),(3010,'2024-04-28 17:22:09',19,1),(3011,'2024-04-28 17:22:09',950,2),(3012,'2024-04-28 17:22:09',0,3),(3013,'2024-04-28 17:22:09',0,4),(3014,'2024-04-28 17:22:14',19,1),(3015,'2024-04-28 17:22:14',950,2),(3016,'2024-04-28 17:22:14',0,3),(3017,'2024-04-28 17:22:14',0,4),(3018,'2024-04-28 17:22:14',0,4),(3019,'2024-04-28 17:22:19',19,1),(3020,'2024-04-28 17:22:19',950,2),(3021,'2024-04-28 17:22:19',0,3),(3022,'2024-04-28 17:22:19',0,4),(3023,'2024-04-28 17:22:20',0,4),(3024,'2024-04-28 17:22:25',19,1),(3025,'2024-04-28 17:22:25',950,2),(3026,'2024-04-28 17:22:25',0,3),(3027,'2024-04-28 17:22:25',0,4),(3028,'2024-04-28 17:22:25',0,4),(3029,'2024-04-28 17:22:30',19,1),(3030,'2024-04-28 17:22:30',950,2),(3031,'2024-04-28 17:22:30',0,3),(3032,'2024-04-28 17:22:30',0,4),(3033,'2024-04-28 17:22:30',0,4),(3034,'2024-04-28 17:22:35',19,1),(3035,'2024-04-28 17:22:35',950,2),(3036,'2024-04-28 17:22:35',0,3),(3037,'2024-04-28 17:22:35',0,4),(3038,'2024-04-28 17:22:35',0,4),(3039,'2024-04-28 17:22:40',19,1),(3040,'2024-04-28 17:22:40',950,2),(3041,'2024-04-28 17:22:40',0,3),(3042,'2024-04-28 17:22:40',0,4),(3043,'2024-04-28 17:22:40',0,4),(3044,'2024-04-28 17:22:45',19,1),(3045,'2024-04-28 17:22:45',950,2),(3046,'2024-04-28 17:22:45',0,3),(3047,'2024-04-28 17:22:45',0,4),(3048,'2024-04-28 17:22:45',0,4),(3049,'2024-04-28 17:22:50',19,1),(3050,'2024-04-28 17:22:50',950,2),(3051,'2024-04-28 17:22:50',0,3),(3052,'2024-04-28 17:22:50',0,4),(3053,'2024-04-28 17:22:55',19,1),(3054,'2024-04-28 17:22:55',950,2),(3055,'2024-04-28 17:22:55',0,3),(3056,'2024-04-28 17:22:55',0,4),(3057,'2024-04-28 17:36:28',19,1),(3058,'2024-04-28 17:36:28',950,2),(3059,'2024-04-28 17:36:28',0,3),(3060,'2024-04-28 17:36:28',0,4),(3061,'2024-04-28 17:36:41',19,1),(3062,'2024-04-28 17:36:41',950,2),(3063,'2024-04-28 17:36:41',0,3),(3064,'2024-04-28 17:36:41',0,4),(3065,'2024-04-28 17:36:47',19,1),(3066,'2024-04-28 17:36:47',950,2),(3067,'2024-04-28 17:36:47',0,3),(3068,'2024-04-28 17:36:47',0,4),(3069,'2024-04-28 17:36:52',19,1),(3070,'2024-04-28 17:36:52',950,2),(3071,'2024-04-28 17:36:52',0,3),(3072,'2024-04-28 17:36:52',0,4),(3073,'2024-04-28 17:36:57',19,1),(3074,'2024-04-28 17:36:57',950,2),(3075,'2024-04-28 17:36:57',0,3),(3076,'2024-04-28 17:36:57',0,4),(3077,'2024-04-28 17:37:02',19,1),(3078,'2024-04-28 17:37:02',950,2),(3079,'2024-04-28 17:37:02',0,3),(3080,'2024-04-28 17:37:02',0,4),(3081,'2024-04-28 17:37:07',19,1),(3082,'2024-04-28 17:37:07',950,2),(3083,'2024-04-28 17:37:07',0,3),(3084,'2024-04-28 17:37:07',0,4),(3085,'2024-04-28 17:37:12',19,1),(3086,'2024-04-28 17:37:12',950,2),(3087,'2024-04-28 17:37:12',0,3),(3088,'2024-04-28 17:37:12',0,4),(3089,'2024-04-28 17:37:17',19,1),(3090,'2024-04-28 17:37:17',950,2),(3091,'2024-04-28 17:37:17',0,3),(3092,'2024-04-28 17:37:17',0,4),(3093,'2024-04-28 17:37:22',19,1),(3094,'2024-04-28 17:37:22',950,2),(3095,'2024-04-28 17:37:22',0,3),(3096,'2024-04-28 17:37:22',0,4),(3097,'2024-04-28 17:37:27',19,1),(3098,'2024-04-28 17:37:27',950,2),(3099,'2024-04-28 17:37:27',0,3),(3100,'2024-04-28 17:37:27',0,4),(3101,'2024-04-28 17:37:33',19,1),(3102,'2024-04-28 17:37:33',950,2),(3103,'2024-04-28 17:37:33',0,3),(3104,'2024-04-28 17:37:33',0,4),(3105,'2024-04-28 17:37:38',19,1),(3106,'2024-04-28 17:37:38',950,2),(3107,'2024-04-28 17:37:38',0,3),(3108,'2024-04-28 17:37:38',0,4),(3109,'2024-04-28 17:37:43',19,1),(3110,'2024-04-28 17:37:43',950,2),(3111,'2024-04-28 17:37:43',0,3),(3112,'2024-04-28 17:37:43',0,4),(3113,'2024-04-28 17:37:48',19,1),(3114,'2024-04-28 17:37:48',950,2),(3115,'2024-04-28 17:37:48',0,3),(3116,'2024-04-28 17:37:48',0,4),(3117,'2024-04-28 17:37:53',19,1),(3118,'2024-04-28 17:37:53',950,2),(3119,'2024-04-28 17:37:53',0,3),(3120,'2024-04-28 17:37:53',0,4),(3121,'2024-04-28 17:37:58',19,1),(3122,'2024-04-28 17:37:58',950,2),(3123,'2024-04-28 17:37:58',0,3),(3124,'2024-04-28 17:37:58',0,4),(3125,'2024-04-28 17:37:58',0,4),(3126,'2024-04-28 17:38:03',19,1),(3127,'2024-04-28 17:38:03',950,2),(3128,'2024-04-28 17:38:03',0,3),(3129,'2024-04-28 17:38:03',0,4),(3130,'2024-04-28 17:38:03',0,4),(3131,'2024-04-28 17:38:08',19,1),(3132,'2024-04-28 17:38:08',950,2),(3133,'2024-04-28 17:38:08',0,3),(3134,'2024-04-28 17:38:09',0,4),(3135,'2024-04-28 17:38:09',0,4),(3136,'2024-04-28 17:38:14',19,1),(3137,'2024-04-28 17:38:14',950,2),(3138,'2024-04-28 17:38:14',0,3),(3139,'2024-04-28 17:38:14',0,4),(3140,'2024-04-28 17:38:14',0,4),(3141,'2024-04-28 17:38:19',19,1),(3142,'2024-04-28 17:38:19',950,2),(3143,'2024-04-28 17:38:19',0,3),(3144,'2024-04-28 17:38:19',1,4),(3145,'2024-04-28 17:38:19',1,4),(3146,'2024-04-28 17:38:19',0,3),(3147,'2024-04-28 17:38:24',19,1),(3148,'2024-04-28 17:38:24',950,2),(3149,'2024-04-28 17:38:24',1,3),(3150,'2024-04-28 17:38:24',1,4),(3151,'2024-04-28 17:38:24',1,4),(3152,'2024-04-28 17:38:24',1,3),(3153,'2024-04-28 17:38:29',19,1),(3154,'2024-04-28 17:38:29',950,2),(3155,'2024-04-28 17:38:29',1,3),(3156,'2024-04-28 17:38:29',1,4),(3157,'2024-04-28 17:38:29',19,1),(3158,'2024-04-28 17:38:29',950,2),(3159,'2024-04-28 17:38:34',19,1),(3160,'2024-04-28 17:38:34',950,2),(3161,'2024-04-28 17:38:34',1,3),(3162,'2024-04-28 17:38:34',1,4),(3163,'2024-04-28 17:38:34',19,1),(3164,'2024-04-28 17:38:34',950,2),(3165,'2024-04-28 17:38:39',19,1),(3166,'2024-04-28 17:38:39',950,2),(3167,'2024-04-28 17:38:39',1,3),(3168,'2024-04-28 17:38:39',1,4),(3169,'2024-04-28 17:38:39',19,1),(3170,'2024-04-28 17:38:39',950,2),(3171,'2024-04-28 17:38:45',18,1),(3172,'2024-04-28 17:38:45',950,2),(3173,'2024-04-28 17:38:45',1,3),(3174,'2024-04-28 17:38:45',1,4),(3175,'2024-04-28 17:38:45',18,1),(3176,'2024-04-28 17:38:45',950,2),(3177,'2024-04-28 17:38:50',18,1),(3178,'2024-04-28 17:38:50',950,2),(3179,'2024-04-28 17:38:50',1,3),(3180,'2024-04-28 17:38:50',1,4),(3181,'2024-04-28 17:38:50',1,3),(3182,'2024-04-28 17:38:55',18,1),(3183,'2024-04-28 17:38:55',950,2),(3184,'2024-04-28 17:38:55',1,3),(3185,'2024-04-28 17:38:55',1,4),(3186,'2024-04-28 17:38:55',1,3),(3187,'2024-04-28 17:39:00',19,1),(3188,'2024-04-28 17:39:00',950,2),(3189,'2024-04-28 17:39:00',1,3),(3190,'2024-04-28 17:39:00',1,4),(3191,'2024-04-28 17:39:00',1,3),(3192,'2024-04-28 17:39:05',19,1),(3193,'2024-04-28 17:39:05',950,2),(3194,'2024-04-28 17:39:05',0,3),(3195,'2024-04-28 17:39:05',1,4),(3196,'2024-04-28 17:39:05',0,3),(3197,'2024-04-28 17:39:05',1,4),(3198,'2024-04-28 17:39:10',19,1),(3199,'2024-04-28 17:39:10',950,2),(3200,'2024-04-28 17:39:10',0,3),(3201,'2024-04-28 17:39:10',0,4),(3202,'2024-04-28 17:39:11',0,3),(3203,'2024-04-28 17:39:11',0,4),(3204,'2024-04-28 17:39:16',19,1),(3205,'2024-04-28 17:39:16',950,2),(3206,'2024-04-28 17:39:16',0,3),(3207,'2024-04-28 17:39:16',0,4),(3208,'2024-04-28 17:39:21',19,1),(3209,'2024-04-28 17:39:21',950,2),(3210,'2024-04-28 17:39:21',0,3),(3211,'2024-04-28 17:39:21',0,4),(3212,'2024-04-29 11:46:31',18,1),(3213,'2024-04-29 11:46:31',950,2),(3214,'2024-04-29 11:46:31',0,3),(3215,'2024-04-29 11:46:31',0,4),(3216,'2024-04-29 11:46:36',18,1),(3217,'2024-04-29 11:46:36',950,2),(3218,'2024-04-29 11:46:36',0,3),(3219,'2024-04-29 11:46:36',0,4),(3220,'2024-04-29 11:46:41',18,1),(3221,'2024-04-29 11:46:41',950,2),(3222,'2024-04-29 11:46:41',0,3),(3223,'2024-04-29 11:46:41',0,4),(3224,'2024-04-29 11:46:46',18,1),(3225,'2024-04-29 11:46:46',950,2),(3226,'2024-04-29 11:46:46',0,3),(3227,'2024-04-29 11:46:46',0,4),(3228,'2024-04-29 11:46:51',18,1),(3229,'2024-04-29 11:46:51',950,2),(3230,'2024-04-29 11:46:51',0,3),(3231,'2024-04-29 11:46:51',0,4),(3232,'2024-04-29 11:46:57',18,1),(3233,'2024-04-29 11:46:57',950,2),(3234,'2024-04-29 11:46:57',0,3),(3235,'2024-04-29 11:46:57',0,4),(3236,'2024-04-29 11:47:02',18,1),(3237,'2024-04-29 11:47:02',950,2),(3238,'2024-04-29 11:47:02',0,3),(3239,'2024-04-29 11:47:02',0,4),(3240,'2024-04-29 11:47:07',18,1),(3241,'2024-04-29 11:47:07',950,2),(3242,'2024-04-29 11:47:07',0,3),(3243,'2024-04-29 11:47:07',0,4),(3244,'2024-04-29 11:47:07',0,4),(3245,'2024-04-29 11:47:12',18,1),(3246,'2024-04-29 11:47:12',950,2),(3247,'2024-04-29 11:47:12',0,3),(3248,'2024-04-29 11:47:12',0,4),(3249,'2024-04-29 11:47:12',0,4),(3250,'2024-04-29 11:47:17',18,1),(3251,'2024-04-29 11:47:17',950,2),(3252,'2024-04-29 11:47:17',0,3),(3253,'2024-04-29 11:47:17',1,4),(3254,'2024-04-29 11:47:17',1,4),(3255,'2024-04-29 11:47:17',0,3),(3256,'2024-04-29 11:47:22',18,1),(3257,'2024-04-29 11:47:22',950,2),(3258,'2024-04-29 11:47:22',1,3),(3259,'2024-04-29 11:47:22',1,4),(3260,'2024-04-29 11:47:22',1,4),(3261,'2024-04-29 11:47:22',1,3),(3262,'2024-04-29 11:47:27',18,1),(3263,'2024-04-29 11:47:27',950,2),(3264,'2024-04-29 11:47:27',1,3),(3265,'2024-04-29 11:47:27',1,4),(3266,'2024-04-29 11:47:27',18,1),(3267,'2024-04-29 11:47:28',950,2),(3268,'2024-04-29 11:47:37',18,1),(3269,'2024-04-29 11:47:37',950,2),(3270,'2024-04-29 11:47:37',1,3),(3271,'2024-04-29 11:47:37',1,4),(3272,'2024-04-29 11:47:37',18,1),(3273,'2024-04-29 11:47:37',950,2),(3274,'2024-04-29 11:47:42',18,1),(3275,'2024-04-29 11:47:42',950,2),(3276,'2024-04-29 11:47:42',1,3),(3277,'2024-04-29 11:47:42',1,4),(3278,'2024-04-29 11:47:42',18,1),(3279,'2024-04-29 11:47:42',950,2),(3280,'2024-04-29 11:47:47',18,1),(3281,'2024-04-29 11:47:47',950,2),(3282,'2024-04-29 11:47:47',1,3),(3283,'2024-04-29 11:47:47',1,4),(3284,'2024-04-29 11:47:48',1,3),(3285,'2024-04-29 11:47:53',18,1),(3286,'2024-04-29 11:47:53',950,2),(3287,'2024-04-29 11:47:53',1,3),(3288,'2024-04-29 11:47:53',1,4),(3289,'2024-04-29 11:47:53',1,3),(3290,'2024-04-29 11:47:58',18,1),(3291,'2024-04-29 11:47:58',950,2),(3292,'2024-04-29 11:47:58',1,3),(3293,'2024-04-29 11:47:58',1,4),(3294,'2024-04-29 11:47:58',1,3),(3295,'2024-04-29 11:48:03',18,1),(3296,'2024-04-29 11:48:03',950,2),(3297,'2024-04-29 11:48:03',0,3),(3298,'2024-04-29 11:48:03',0,4),(3299,'2024-04-29 11:48:03',0,3),(3300,'2024-04-29 11:48:03',0,4),(3301,'2024-04-29 11:48:08',18,1),(3302,'2024-04-29 11:48:08',950,2),(3303,'2024-04-29 11:48:08',0,3),(3304,'2024-04-29 11:48:08',0,4),(3305,'2024-04-29 11:48:33',18,1),(3306,'2024-04-29 11:48:33',950,2),(3307,'2024-04-29 11:48:33',0,3),(3308,'2024-04-29 11:48:33',0,4),(3309,'2024-04-29 11:48:38',18,1),(3310,'2024-04-29 11:48:38',950,2),(3311,'2024-04-29 11:48:38',0,3),(3312,'2024-04-29 11:48:38',0,4),(3313,'2024-04-29 11:48:43',18,1),(3314,'2024-04-29 11:48:43',950,2),(3315,'2024-04-29 11:48:43',0,3),(3316,'2024-04-29 11:48:43',0,4),(3317,'2024-04-29 11:48:49',18,1),(3318,'2024-04-29 11:48:49',950,2),(3319,'2024-04-29 11:48:49',0,3),(3320,'2024-04-29 11:48:49',0,4),(3321,'2024-04-29 11:48:54',18,1),(3322,'2024-04-29 11:48:54',950,2),(3323,'2024-04-29 11:48:54',0,3),(3324,'2024-04-29 11:48:54',0,4),(3325,'2024-04-29 11:48:54',0,4),(3326,'2024-04-29 11:48:59',18,1),(3327,'2024-04-29 11:48:59',950,2),(3328,'2024-04-29 11:48:59',0,3),(3329,'2024-04-29 11:48:59',0,4),(3330,'2024-04-29 11:48:59',0,4),(3331,'2024-04-29 11:49:04',18,1),(3332,'2024-04-29 11:49:04',950,2),(3333,'2024-04-29 11:49:04',1,3),(3334,'2024-04-29 11:49:04',1,4),(3335,'2024-04-29 11:49:04',1,4),(3336,'2024-04-29 11:49:04',1,3),(3337,'2024-04-29 11:49:09',18,1),(3338,'2024-04-29 11:49:09',950,2),(3339,'2024-04-29 11:49:09',1,3),(3340,'2024-04-29 11:49:09',1,4),(3341,'2024-04-29 11:49:09',18,1),(3342,'2024-04-29 11:49:09',950,2),(3343,'2024-04-29 11:49:14',18,1),(3344,'2024-04-29 11:49:14',950,2),(3345,'2024-04-29 11:49:14',1,3),(3346,'2024-04-29 11:49:14',1,4),(3347,'2024-04-29 11:49:14',18,1),(3348,'2024-04-29 11:49:15',950,2),(3349,'2024-04-29 11:49:20',18,1),(3350,'2024-04-29 11:49:20',950,2),(3351,'2024-04-29 11:49:20',1,3),(3352,'2024-04-29 11:49:20',1,4),(3353,'2024-04-29 11:49:20',18,1),(3354,'2024-04-29 11:49:20',950,2),(3355,'2024-04-29 11:49:25',18,1),(3356,'2024-04-29 11:49:25',950,2),(3357,'2024-04-29 11:49:25',1,3),(3358,'2024-04-29 11:49:25',1,4),(3359,'2024-04-29 11:49:25',18,1),(3360,'2024-04-29 11:49:25',950,2),(3361,'2024-04-29 11:49:30',18,1),(3362,'2024-04-29 11:49:30',950,2),(3363,'2024-04-29 11:49:30',1,3),(3364,'2024-04-29 11:49:30',1,4),(3365,'2024-04-29 11:49:30',18,1),(3366,'2024-04-29 11:49:30',950,2),(3367,'2024-04-29 11:49:35',18,1),(3368,'2024-04-29 11:49:35',950,2),(3369,'2024-04-29 11:49:35',1,3),(3370,'2024-04-29 11:49:35',1,4),(3371,'2024-04-29 11:49:35',18,1),(3372,'2024-04-29 11:49:35',950,2),(3373,'2024-04-29 11:49:40',18,1),(3374,'2024-04-29 11:49:40',950,2),(3375,'2024-04-29 11:49:40',1,3),(3376,'2024-04-29 11:49:40',1,4),(3377,'2024-04-29 11:49:40',18,1),(3378,'2024-04-29 11:49:40',950,2),(3379,'2024-04-29 11:49:45',18,1),(3380,'2024-04-29 11:49:45',950,2),(3381,'2024-04-29 11:49:45',1,3),(3382,'2024-04-29 11:49:45',1,4),(3383,'2024-04-29 11:49:45',18,1),(3384,'2024-04-29 11:49:45',950,2),(3385,'2024-04-29 11:49:50',18,1),(3386,'2024-04-29 11:49:50',950,2),(3387,'2024-04-29 11:49:50',1,3),(3388,'2024-04-29 11:49:51',1,4),(3389,'2024-04-29 11:49:51',1,3),(3390,'2024-04-29 11:49:56',18,1),(3391,'2024-04-29 11:49:56',950,2),(3392,'2024-04-29 11:49:56',1,3),(3393,'2024-04-29 11:49:56',1,4),(3394,'2024-04-29 11:49:56',1,3),(3395,'2024-04-29 11:50:01',18,1),(3396,'2024-04-29 11:50:01',950,2),(3397,'2024-04-29 11:50:01',1,3),(3398,'2024-04-29 11:50:01',1,4),(3399,'2024-04-29 11:50:01',1,3),(3400,'2024-04-29 11:50:06',18,1),(3401,'2024-04-29 11:50:06',950,2),(3402,'2024-04-29 11:50:06',1,3),(3403,'2024-04-29 11:50:06',1,4),(3404,'2024-04-29 11:50:06',1,3),(3405,'2024-04-29 11:50:11',18,1),(3406,'2024-04-29 11:50:11',950,2),(3407,'2024-04-29 11:50:11',1,3),(3408,'2024-04-29 11:50:11',1,4),(3409,'2024-04-29 11:50:11',1,3),(3410,'2024-04-29 11:50:16',18,1),(3411,'2024-04-29 11:50:16',950,2),(3412,'2024-04-29 11:50:16',1,3),(3413,'2024-04-29 11:50:16',1,4),(3414,'2024-04-29 11:50:17',1,3),(3415,'2024-04-29 11:50:22',18,1),(3416,'2024-04-29 11:50:22',950,2),(3417,'2024-04-29 11:50:22',1,3),(3418,'2024-04-29 11:50:22',1,4),(3419,'2024-04-29 11:50:22',1,3),(3420,'2024-04-29 11:50:27',18,1),(3421,'2024-04-29 11:50:27',950,2),(3422,'2024-04-29 11:50:27',1,3),(3423,'2024-04-29 11:50:27',1,4),(3424,'2024-04-29 11:50:27',1,3),(3425,'2024-04-29 11:50:32',18,1),(3426,'2024-04-29 11:50:32',950,2),(3427,'2024-04-29 11:50:32',0,3),(3428,'2024-04-29 11:50:32',1,4),(3429,'2024-04-29 11:50:32',0,3),(3430,'2024-04-29 11:50:32',1,4),(3431,'2024-04-29 11:50:37',18,1),(3432,'2024-04-29 11:50:37',950,2),(3433,'2024-04-29 11:50:37',0,3),(3434,'2024-04-29 11:50:37',0,4),(3435,'2024-04-29 11:50:37',0,3),(3436,'2024-04-29 11:50:37',0,4),(3437,'2024-04-29 11:50:42',18,1),(3438,'2024-04-29 11:50:42',950,2),(3439,'2024-04-29 11:50:42',0,3),(3440,'2024-04-29 11:50:42',0,4);
/*!40000 ALTER TABLE `sensor_log` ENABLE KEYS */;
UNLOCK TABLES;

--
-- Table structure for table `sensor_type`
--

DROP TABLE IF EXISTS `sensor_type`;
/*!40101 SET @saved_cs_client     = @@character_set_client */;
/*!50503 SET character_set_client = utf8mb4 */;
CREATE TABLE `sensor_type` (
  `id` int(11) NOT NULL AUTO_INCREMENT,
  `name` varchar(128) NOT NULL,
  `description` varchar(256) DEFAULT NULL,
  PRIMARY KEY (`id`)
) ENGINE=InnoDB AUTO_INCREMENT=5 DEFAULT CHARSET=utf8mb4 COLLATE=utf8mb4_general_ci;
/*!40101 SET character_set_client = @saved_cs_client */;

--
-- Dumping data for table `sensor_type`
--

LOCK TABLES `sensor_type` WRITE;
/*!40000 ALTER TABLE `sensor_type` DISABLE KEYS */;
INSERT INTO `sensor_type` VALUES (1,'Датчик температуры',NULL),(2,'Датчик давления',NULL),(3,'Датчик верхнего уровня\r жидкости',NULL),(4,'Датчик нижнего уровня жидкости',NULL);
/*!40000 ALTER TABLE `sensor_type` ENABLE KEYS */;
UNLOCK TABLES;

--
-- Table structure for table `tank`
--

DROP TABLE IF EXISTS `tank`;
/*!40101 SET @saved_cs_client     = @@character_set_client */;
/*!50503 SET character_set_client = utf8mb4 */;
CREATE TABLE `tank` (
  `id` int(11) NOT NULL AUTO_INCREMENT,
  `name` varchar(128) NOT NULL,
  `type_id` int(11) NOT NULL,
  PRIMARY KEY (`id`),
  KEY `tank_tank_type_FK` (`type_id`),
  CONSTRAINT `tank_tank_type_FK` FOREIGN KEY (`type_id`) REFERENCES `tank_type` (`id`)
) ENGINE=InnoDB AUTO_INCREMENT=3 DEFAULT CHARSET=utf8mb4 COLLATE=utf8mb4_general_ci;
/*!40101 SET character_set_client = @saved_cs_client */;

--
-- Dumping data for table `tank`
--

LOCK TABLES `tank` WRITE;
/*!40000 ALTER TABLE `tank` DISABLE KEYS */;
INSERT INTO `tank` VALUES (1,'ББ1',1);
/*!40000 ALTER TABLE `tank` ENABLE KEYS */;
UNLOCK TABLES;

--
-- Table structure for table `tank_type`
--

DROP TABLE IF EXISTS `tank_type`;
/*!40101 SET @saved_cs_client     = @@character_set_client */;
/*!50503 SET character_set_client = utf8mb4 */;
CREATE TABLE `tank_type` (
  `id` int(11) NOT NULL AUTO_INCREMENT,
  `name` varchar(128) NOT NULL,
  `description` varchar(256) DEFAULT NULL,
  PRIMARY KEY (`id`)
) ENGINE=InnoDB AUTO_INCREMENT=3 DEFAULT CHARSET=utf8mb4 COLLATE=utf8mb4_general_ci;
/*!40101 SET character_set_client = @saved_cs_client */;

--
-- Dumping data for table `tank_type`
--

LOCK TABLES `tank_type` WRITE;
/*!40000 ALTER TABLE `tank_type` DISABLE KEYS */;
INSERT INTO `tank_type` VALUES (1,'Емкость бурного брожения',NULL),(2,'Емкость тихого брожения',NULL);
/*!40000 ALTER TABLE `tank_type` ENABLE KEYS */;
UNLOCK TABLES;

--
-- Table structure for table `user`
--

DROP TABLE IF EXISTS `user`;
/*!40101 SET @saved_cs_client     = @@character_set_client */;
/*!50503 SET character_set_client = utf8mb4 */;
CREATE TABLE `user` (
  `id` int(11) NOT NULL AUTO_INCREMENT,
  `name` varchar(128) NOT NULL,
  `login` varchar(64) NOT NULL,
  `password` varchar(64) NOT NULL,
  `type_id` int(11) NOT NULL,
  PRIMARY KEY (`id`),
  KEY `user_user_type_FK` (`type_id`),
  CONSTRAINT `user_user_type_FK` FOREIGN KEY (`type_id`) REFERENCES `user_type` (`id`)
) ENGINE=InnoDB AUTO_INCREMENT=3 DEFAULT CHARSET=utf8mb4 COLLATE=utf8mb4_general_ci;
/*!40101 SET character_set_client = @saved_cs_client */;

--
-- Dumping data for table `user`
--

LOCK TABLES `user` WRITE;
/*!40000 ALTER TABLE `user` DISABLE KEYS */;
INSERT INTO `user` VALUES (1,'admin','admin','8c6976e5b5410415bde908bd4dee15dfb167a9c873fc4bb8a81f6f2ab448a918',1);
/*!40000 ALTER TABLE `user` ENABLE KEYS */;
UNLOCK TABLES;

--
-- Table structure for table `user_action`
--

DROP TABLE IF EXISTS `user_action`;
/*!40101 SET @saved_cs_client     = @@character_set_client */;
/*!50503 SET character_set_client = utf8mb4 */;
CREATE TABLE `user_action` (
  `id` int(11) NOT NULL AUTO_INCREMENT,
  `name` varchar(64) NOT NULL,
  `description` varchar(256) DEFAULT NULL,
  PRIMARY KEY (`id`)
) ENGINE=InnoDB AUTO_INCREMENT=5 DEFAULT CHARSET=utf8mb4 COLLATE=utf8mb4_general_ci;
/*!40101 SET character_set_client = @saved_cs_client */;

--
-- Dumping data for table `user_action`
--

LOCK TABLES `user_action` WRITE;
/*!40000 ALTER TABLE `user_action` DISABLE KEYS */;
INSERT INTO `user_action` VALUES (1,'Успешный вход',NULL),(2,'Неудачная попытка входа',NULL),(3,'Экстренная остановка',NULL),(4,'Изменение состояния',NULL);
/*!40000 ALTER TABLE `user_action` ENABLE KEYS */;
UNLOCK TABLES;

--
-- Table structure for table `user_log`
--

DROP TABLE IF EXISTS `user_log`;
/*!40101 SET @saved_cs_client     = @@character_set_client */;
/*!50503 SET character_set_client = utf8mb4 */;
CREATE TABLE `user_log` (
  `id` int(11) NOT NULL AUTO_INCREMENT,
  `datetime` datetime NOT NULL DEFAULT current_timestamp(),
  `description` varchar(256) DEFAULT NULL,
  `user_id` int(11) NOT NULL,
  `action_id` int(11) NOT NULL,
  PRIMARY KEY (`id`),
  KEY `user_log_user_FK` (`user_id`),
  KEY `user_log_user_action_FK` (`action_id`),
  CONSTRAINT `user_log_user_FK` FOREIGN KEY (`user_id`) REFERENCES `user` (`id`),
  CONSTRAINT `user_log_user_action_FK` FOREIGN KEY (`action_id`) REFERENCES `user_action` (`id`)
) ENGINE=InnoDB AUTO_INCREMENT=38 DEFAULT CHARSET=utf8mb4 COLLATE=utf8mb4_general_ci;
/*!40101 SET character_set_client = @saved_cs_client */;

--
-- Dumping data for table `user_log`
--

LOCK TABLES `user_log` WRITE;
/*!40000 ALTER TABLE `user_log` DISABLE KEYS */;
/*!40000 ALTER TABLE `user_log` ENABLE KEYS */;
UNLOCK TABLES;

--
-- Table structure for table `user_type`
--

DROP TABLE IF EXISTS `user_type`;
/*!40101 SET @saved_cs_client     = @@character_set_client */;
/*!50503 SET character_set_client = utf8mb4 */;
CREATE TABLE `user_type` (
  `id` int(11) NOT NULL AUTO_INCREMENT,
  `name` varchar(64) NOT NULL,
  `description` varchar(256) DEFAULT NULL,
  `is_admin` tinyint(1) NOT NULL,
  PRIMARY KEY (`id`)
) ENGINE=InnoDB AUTO_INCREMENT=3 DEFAULT CHARSET=utf8mb4 COLLATE=utf8mb4_general_ci;
/*!40101 SET character_set_client = @saved_cs_client */;

--
-- Dumping data for table `user_type`
--

LOCK TABLES `user_type` WRITE;
/*!40000 ALTER TABLE `user_type` DISABLE KEYS */;
INSERT INTO `user_type` VALUES (1,'Инженер',NULL,1),(2,'Оператор',NULL,0);
/*!40000 ALTER TABLE `user_type` ENABLE KEYS */;
UNLOCK TABLES;

--
-- Dumping routines for database 'IusDb4'
--
/*!50003 DROP FUNCTION IF EXISTS `check_auth` */;
/*!50003 SET @saved_cs_client      = @@character_set_client */ ;
/*!50003 SET @saved_cs_results     = @@character_set_results */ ;
/*!50003 SET @saved_col_connection = @@collation_connection */ ;
/*!50003 SET character_set_client  = utf8mb4 */ ;
/*!50003 SET character_set_results = utf8mb4 */ ;
/*!50003 SET collation_connection  = utf8mb4_general_ci */ ;
/*!50003 SET @saved_sql_mode       = @@sql_mode */ ;
/*!50003 SET sql_mode              = 'IGNORE_SPACE,STRICT_TRANS_TABLES,ERROR_FOR_DIVISION_BY_ZERO,NO_AUTO_CREATE_USER,NO_ENGINE_SUBSTITUTION' */ ;
DELIMITER ;;
CREATE DEFINER=`alexey`@`%` FUNCTION `check_auth`(login_in VARCHAR(64), passwd_in VARCHAR(64)) RETURNS tinyint(1)
BEGIN
	DECLARE passwd VARCHAR(64);
	DECLARE user_id INT;

	SET passwd = (SELECT password FROM user WHERE login=login_in LIMIT 1);
	SET user_id = (SELECT id FROM user WHERE login=login_in LIMIT 1);
	
	IF user_id is NULL THEN
		RETURN FALSE;
	END IF;

	IF passwd=passwd_in THEN 
		BEGIN
			INSERT INTO user_log(`user_id`, action_id) VALUES (user_id, 1);
			RETURN TRUE;
		END;
	ELSE
		BEGIN
			INSERT INTO user_log(`user_id`, action_id) VALUES (user_id, 2);
			RETURN FALSE;
		END;
	END IF;
	
	RETURN FALSE;
END ;;
DELIMITER ;
/*!50003 SET sql_mode              = @saved_sql_mode */ ;
/*!50003 SET character_set_client  = @saved_cs_client */ ;
/*!50003 SET character_set_results = @saved_cs_results */ ;
/*!50003 SET collation_connection  = @saved_col_connection */ ;
/*!50003 DROP PROCEDURE IF EXISTS `get_current_actuator` */;
/*!50003 SET @saved_cs_client      = @@character_set_client */ ;
/*!50003 SET @saved_cs_results     = @@character_set_results */ ;
/*!50003 SET @saved_col_connection = @@collation_connection */ ;
/*!50003 SET character_set_client  = utf8mb4 */ ;
/*!50003 SET character_set_results = utf8mb4 */ ;
/*!50003 SET collation_connection  = utf8mb4_general_ci */ ;
/*!50003 SET @saved_sql_mode       = @@sql_mode */ ;
/*!50003 SET sql_mode              = 'IGNORE_SPACE,STRICT_TRANS_TABLES,ERROR_FOR_DIVISION_BY_ZERO,NO_AUTO_CREATE_USER,NO_ENGINE_SUBSTITUTION' */ ;
DELIMITER ;;
CREATE DEFINER=`alexey`@`%` PROCEDURE `get_current_actuator`(IN tankId INT, IN actuatorTypeId INT)
BEGIN
	SELECT al.id, al.state, al.`datetime`, a.id AS actuator_id FROM actuator_log AS al
	JOIN actuator AS a ON al.actuator_id = a.id 
	WHERE a.tank_id = tankId AND a.type_id = actuatorTypeId
	ORDER BY `datetime` DESC
	LIMIT 1;
END ;;
DELIMITER ;
/*!50003 SET sql_mode              = @saved_sql_mode */ ;
/*!50003 SET character_set_client  = @saved_cs_client */ ;
/*!50003 SET character_set_results = @saved_cs_results */ ;
/*!50003 SET collation_connection  = @saved_col_connection */ ;
/*!50003 DROP PROCEDURE IF EXISTS `get_current_param` */;
/*!50003 SET @saved_cs_client      = @@character_set_client */ ;
/*!50003 SET @saved_cs_results     = @@character_set_results */ ;
/*!50003 SET @saved_col_connection = @@collation_connection */ ;
/*!50003 SET character_set_client  = utf8mb4 */ ;
/*!50003 SET character_set_results = utf8mb4 */ ;
/*!50003 SET collation_connection  = utf8mb4_general_ci */ ;
/*!50003 SET @saved_sql_mode       = @@sql_mode */ ;
/*!50003 SET sql_mode              = 'IGNORE_SPACE,STRICT_TRANS_TABLES,ERROR_FOR_DIVISION_BY_ZERO,NO_AUTO_CREATE_USER,NO_ENGINE_SUBSTITUTION' */ ;
DELIMITER ;;
CREATE DEFINER=`alexey`@`%` PROCEDURE `get_current_param`(IN tankId INT, IN sensorTypeId INT)
BEGIN
	SELECT sl.id, sl.value, s.id AS sensor_id, sl.`datetime` FROM sensor_log AS sl
	JOIN sensor AS s ON sl.sensor_id = s.id
	WHERE s.tank_id = tankId AND s.type_id = sensorTypeId
	ORDER BY `datetime`
	LIMIT 1;
END ;;
DELIMITER ;
/*!50003 SET sql_mode              = @saved_sql_mode */ ;
/*!50003 SET character_set_client  = @saved_cs_client */ ;
/*!50003 SET character_set_results = @saved_cs_results */ ;
/*!50003 SET collation_connection  = @saved_col_connection */ ;
/*!50003 DROP PROCEDURE IF EXISTS `get_tank_last_state` */;
/*!50003 SET @saved_cs_client      = @@character_set_client */ ;
/*!50003 SET @saved_cs_results     = @@character_set_results */ ;
/*!50003 SET @saved_col_connection = @@collation_connection */ ;
/*!50003 SET character_set_client  = utf8mb4 */ ;
/*!50003 SET character_set_results = utf8mb4 */ ;
/*!50003 SET collation_connection  = utf8mb4_general_ci */ ;
/*!50003 SET @saved_sql_mode       = @@sql_mode */ ;
/*!50003 SET sql_mode              = 'IGNORE_SPACE,STRICT_TRANS_TABLES,ERROR_FOR_DIVISION_BY_ZERO,NO_AUTO_CREATE_USER,NO_ENGINE_SUBSTITUTION' */ ;
DELIMITER ;;
CREATE DEFINER=`alexey`@`%` PROCEDURE `get_tank_last_state`(IN tankId INT)
BEGIN
	SELECT * FROM process_log AS pl 
	WHERE tank_id = tankId
	ORDER BY id DESC 
	LIMIT 1;
END ;;
DELIMITER ;
/*!50003 SET sql_mode              = @saved_sql_mode */ ;
/*!50003 SET character_set_client  = @saved_cs_client */ ;
/*!50003 SET character_set_results = @saved_cs_results */ ;
/*!50003 SET collation_connection  = @saved_col_connection */ ;
/*!40103 SET TIME_ZONE=@OLD_TIME_ZONE */;

/*!40101 SET SQL_MODE=@OLD_SQL_MODE */;
/*!40014 SET FOREIGN_KEY_CHECKS=@OLD_FOREIGN_KEY_CHECKS */;
/*!40014 SET UNIQUE_CHECKS=@OLD_UNIQUE_CHECKS */;
/*!40101 SET CHARACTER_SET_CLIENT=@OLD_CHARACTER_SET_CLIENT */;
/*!40101 SET CHARACTER_SET_RESULTS=@OLD_CHARACTER_SET_RESULTS */;
/*!40101 SET COLLATION_CONNECTION=@OLD_COLLATION_CONNECTION */;
/*!40111 SET SQL_NOTES=@OLD_SQL_NOTES */;

-- Dump completed on 2024-04-30 11:37:40
